Trial,Eccentricity (degrees),Reaction Time (s),Direction,Color,Correctness,1/2/3 Colors,Name,Attention,Circle Size (4 degrees)
1,20,0.194830571,2,"[255, 0, 0]",1,1,F,Covert,4
2,15,0.019210731,0,"[255, 0, 0]",1,1,F,Covert,4
3,35,0.197836771,0,"[255, 0, 0]",1,1,F,Covert,4
4,30,0.180390291,2,"[255, 0, 0]",1,1,F,Covert,4
5,0,0.184906707,0,"[255, 0, 0]",1,1,F,Covert,4
6,0,0.195996072,2,"[255, 0, 0]",1,1,F,Covert,4
7,25,0.190097809,0,"[255, 0, 0]",1,1,F,Covert,4
8,30,0.224494851,2,"[255, 0, 0]",1,1,F,Covert,4
9,5,0.212544851,2,"[255, 0, 0]",1,1,F,Covert,4
10,10,0.202085146,0,"[255, 0, 0]",1,1,F,Covert,4
11,0,0.182010826,2,"[255, 0, 0]",1,1,F,Covert,4
12,25,0.217113715,0,"[255, 0, 0]",1,1,F,Covert,4
13,10,0.183475586,2,"[255, 0, 0]",1,1,F,Covert,4
14,30,0.236955259,2,"[255, 0, 0]",1,1,F,Covert,4
15,10,0.196222327,0,"[255, 0, 0]",1,1,F,Covert,4
16,10,0.173483654,2,"[255, 0, 0]",1,1,F,Covert,4
17,30,0.219602402,2,"[255, 0, 0]",1,1,F,Covert,4
18,40,0.240440182,0,"[255, 0, 0]",1,1,F,Covert,4
19,5,0.189488359,2,"[255, 0, 0]",1,1,F,Covert,4
20,20,0.251053902,0,"[255, 0, 0]",1,1,F,Covert,4
21,5,0.237205052,0,"[255, 0, 0]",1,1,F,Covert,4
22,15,0.270344484,2,"[255, 0, 0]",1,1,F,Covert,4
23,25,0.251627621,2,"[255, 0, 0]",1,1,F,Covert,4
24,5,0.212756531,2,"[255, 0, 0]",1,1,F,Covert,4
25,35,0.131949637,0,"[255, 0, 0]",1,1,F,Covert,4
26,0,0.201939614,0,"[255, 0, 0]",1,1,F,Covert,4
27,40,0.212571168,2,"[255, 0, 0]",1,1,F,Covert,4
28,20,0.233820194,0,"[255, 0, 0]",1,1,F,Covert,4
29,35,0.173644413,2,"[255, 0, 0]",1,1,F,Covert,4
30,15,0.191603454,2,"[255, 0, 0]",1,1,F,Covert,4
31,40,0.253527576,2,"[255, 0, 0]",1,1,F,Covert,4
32,30,0.21320378,0,"[255, 0, 0]",1,1,F,Covert,4
33,10,0.187182693,2,"[255, 0, 0]",1,1,F,Covert,4
34,30,0.193900004,0,"[255, 0, 0]",1,1,F,Covert,4
35,40,0.230862167,0,"[255, 0, 0]",1,1,F,Covert,4
36,25,0.204312135,2,"[255, 0, 0]",1,1,F,Covert,4
37,35,0.238888936,2,"[255, 0, 0]",1,1,F,Covert,4
38,20,0.194678843,2,"[255, 0, 0]",1,1,F,Covert,4
39,40,0.211502215,0,"[255, 0, 0]",1,1,F,Covert,4
40,20,0.221305098,2,"[255, 0, 0]",1,1,F,Covert,4
41,10,0.21297188,0,"[255, 0, 0]",1,1,F,Covert,4
42,25,0.200389611,2,"[255, 0, 0]",1,1,F,Covert,4
43,30,0.212819962,0,"[255, 0, 0]",1,1,F,Covert,4
44,40,0.224537375,0,"[255, 0, 0]",1,1,F,Covert,4
45,35,0.210376421,0,"[255, 0, 0]",1,1,F,Covert,4
46,10,0.194895199,2,"[255, 0, 0]",1,1,F,Covert,4
47,20,0.228036112,0,"[255, 0, 0]",1,1,F,Covert,4
48,35,0.201787499,2,"[255, 0, 0]",1,1,F,Covert,4
49,0,0.122487949,0,"[255, 0, 0]",1,1,F,Covert,4
50,5,0.219476456,0,"[255, 0, 0]",1,1,F,Covert,4
51,0,0.190959243,0,"[255, 0, 0]",1,1,F,Covert,4
52,25,0.211568816,2,"[255, 0, 0]",1,1,F,Covert,4
53,25,0.209718364,0,"[255, 0, 0]",1,1,F,Covert,4
54,15,0.134224608,0,"[255, 0, 0]",1,1,F,Covert,4
55,0,0.192880564,2,"[255, 0, 0]",1,1,F,Covert,4
56,5,0.283576711,2,"[255, 0, 0]",1,1,F,Covert,4
57,5,0.194892896,0,"[255, 0, 0]",1,1,F,Covert,4
58,25,0.207722405,0,"[255, 0, 0]",1,1,F,Covert,4
59,0,0.26206506,2,"[255, 0, 0]",1,1,F,Covert,4
60,15,0.20923533,0,"[255, 0, 0]",1,1,F,Covert,4
61,15,0.214493286,0,"[255, 0, 0]",1,1,F,Covert,4
62,35,0.283797809,0,"[255, 0, 0]",1,1,F,Covert,4
63,20,0.217895331,0,"[255, 0, 0]",1,1,F,Covert,4
64,40,0.3604421,2,"[255, 0, 0]",1,1,F,Covert,4
65,10,0.236821009,0,"[255, 0, 0]",1,1,F,Covert,4
66,15,0.202940677,2,"[255, 0, 0]",1,1,F,Covert,4
67,20,0.50813519,2,"[255, 0, 0]",1,1,F,Covert,4
68,30,0.224426197,0,"[255, 0, 0]",1,1,F,Covert,4
69,40,0.183642558,2,"[255, 0, 0]",1,1,F,Covert,4
70,35,0.202988901,2,"[255, 0, 0]",1,1,F,Covert,4
71,15,0.187100999,2,"[255, 0, 0]",1,1,F,Covert,4
72,5,0.235081901,0,"[255, 0, 0]",1,1,F,Covert,4
73,20,0.330308291,2,"[0, 255, 0]",1,2,F,Covert,4
74,0,0.195846053,2,"[0, 255, 0]",1,2,F,Covert,4
75,5,0.188255352,0,"[0, 255, 0]",1,2,F,Covert,4
76,40,0.355207415,0,"[255, 0, 0]",1,2,F,Covert,4
77,30,0.449696365,0,"[0, 255, 0]",1,2,F,Covert,4
78,15,0.302101837,2,"[255, 0, 0]",1,2,F,Covert,4
79,20,0.290305247,0,"[255, 0, 0]",1,2,F,Covert,4
80,15,0.257556924,0,"[0, 255, 0]",1,2,F,Covert,4
81,15,0.236101839,0,"[0, 255, 0]",1,2,F,Covert,4
82,20,0.284898897,2,"[0, 255, 0]",1,2,F,Covert,4
83,35,0.321572909,2,"[255, 0, 0]",0,2,F,Covert,4
84,40,0.287138761,2,"[255, 0, 0]",1,2,F,Covert,4
85,15,0.261406462,0,"[0, 255, 0]",1,2,F,Covert,4
86,30,0.303908219,0,"[0, 255, 0]",1,2,F,Covert,4
87,40,0.235096306,2,"[255, 0, 0]",1,2,F,Covert,4
88,10,0.221554168,2,"[255, 0, 0]",1,2,F,Covert,4
89,40,0.262334707,2,"[255, 0, 0]",1,2,F,Covert,4
90,5,0.261918881,0,"[255, 0, 0]",1,2,F,Covert,4
91,15,0.244581917,2,"[255, 0, 0]",1,2,F,Covert,4
92,5,0.253638789,0,"[255, 0, 0]",1,2,F,Covert,4
93,20,0.297989999,0,"[0, 255, 0]",1,2,F,Covert,4
94,5,0.235792364,0,"[0, 255, 0]",1,2,F,Covert,4
95,5,0.257130436,2,"[0, 255, 0]",1,2,F,Covert,4
96,20,0.365541553,2,"[255, 0, 0]",1,2,F,Covert,4
97,10,0.273524233,2,"[0, 255, 0]",1,2,F,Covert,4
98,40,0.294120077,0,"[0, 255, 0]",1,2,F,Covert,4
99,0,0.25634574,0,"[255, 0, 0]",1,2,F,Covert,4
100,0,0.320719506,2,"[0, 255, 0]",1,2,F,Covert,4
101,30,0.310146281,0,"[255, 0, 0]",1,2,F,Covert,4
102,25,0.305941885,2,"[255, 0, 0]",1,2,F,Covert,4
103,30,0.299651135,0,"[255, 0, 0]",1,2,F,Covert,4
104,25,0.291599406,0,"[0, 255, 0]",1,2,F,Covert,4
105,40,0.337744826,0,"[255, 0, 0]",1,2,F,Covert,4
106,20,0.270060212,0,"[255, 0, 0]",1,2,F,Covert,4
107,15,0.243201977,2,"[255, 0, 0]",1,2,F,Covert,4
108,15,0.334697696,0,"[0, 255, 0]",1,2,F,Covert,4
109,35,0.259650912,2,"[0, 255, 0]",1,2,F,Covert,4
110,25,0.239309038,2,"[255, 0, 0]",1,2,F,Covert,4
111,5,0.197662767,2,"[255, 0, 0]",1,2,F,Covert,4
112,35,0.276636415,0,"[0, 255, 0]",0,2,F,Covert,4
113,0,0.319580191,0,"[255, 0, 0]",1,2,F,Covert,4
114,0,0.400408507,2,"[255, 0, 0]",1,2,F,Covert,4
115,10,0.3243953,2,"[0, 255, 0]",1,2,F,Covert,4
116,40,0.270006035,2,"[0, 255, 0]",1,2,F,Covert,4
117,10,0.223060473,2,"[0, 255, 0]",1,2,F,Covert,4
118,15,0.273548834,2,"[0, 255, 0]",1,2,F,Covert,4
119,10,0.27419065,0,"[255, 0, 0]",1,2,F,Covert,4
120,35,0.278329845,2,"[0, 255, 0]",1,2,F,Covert,4
121,30,0.257115732,2,"[0, 255, 0]",1,2,F,Covert,4
122,30,0.356020889,0,"[0, 255, 0]",1,2,F,Covert,4
123,15,0.281208907,2,"[0, 255, 0]",1,2,F,Covert,4
124,10,0.357229766,0,"[255, 0, 0]",1,2,F,Covert,4
125,40,0.307401649,0,"[0, 255, 0]",1,2,F,Covert,4
126,0,0.235152052,2,"[0, 255, 0]",1,2,F,Covert,4
127,35,0.214060826,0,"[0, 255, 0]",1,2,F,Covert,4
128,40,0.286822364,2,"[255, 0, 0]",1,2,F,Covert,4
129,0,0.288235283,2,"[0, 255, 0]",1,2,F,Covert,4
130,40,0.351339372,0,"[255, 0, 0]",1,2,F,Covert,4
131,5,0.251748874,2,"[255, 0, 0]",1,2,F,Covert,4
132,35,0.308162224,0,"[0, 255, 0]",1,2,F,Covert,4
133,30,0.30858347,0,"[255, 0, 0]",1,2,F,Covert,4
134,20,0.239244132,2,"[255, 0, 0]",1,2,F,Covert,4
135,35,0.256989336,2,"[255, 0, 0]",1,2,F,Covert,4
136,40,0.334613744,2,"[255, 0, 0]",1,2,F,Covert,4
137,10,0.225989908,2,"[255, 0, 0]",1,2,F,Covert,4
138,40,0.277705984,2,"[255, 0, 0]",1,2,F,Covert,4
139,20,0.256189266,2,"[255, 0, 0]",1,2,F,Covert,4
140,40,0.499347461,0,"[255, 0, 0]",1,2,F,Covert,4
141,0,0.237668353,2,"[255, 0, 0]",1,2,F,Covert,4
142,10,0.224388355,2,"[0, 255, 0]",1,2,F,Covert,4
143,35,0.284993838,0,"[255, 0, 0]",1,2,F,Covert,4
144,15,0.323482648,2,"[0, 255, 0]",1,2,F,Covert,4
145,20,0.25214784,0,"[255, 0, 0]",1,2,F,Covert,4
146,5,0.31580353,2,"[255, 0, 0]",1,2,F,Covert,4
147,5,0.191939229,2,"[255, 0, 0]",1,2,F,Covert,4
148,30,0.222183005,2,"[255, 0, 0]",1,2,F,Covert,4
149,40,0.327386349,0,"[0, 255, 0]",1,2,F,Covert,4
150,15,0.273940102,2,"[0, 255, 0]",1,2,F,Covert,4
151,0,0.221989042,0,"[0, 255, 0]",1,2,F,Covert,4
152,0,0.214920914,0,"[0, 255, 0]",1,2,F,Covert,4
153,10,0.261662931,0,"[255, 0, 0]",1,2,F,Covert,4
154,30,0.249854841,0,"[255, 0, 0]",1,2,F,Covert,4
155,0,0.311698684,0,"[0, 255, 0]",1,2,F,Covert,4
156,10,0.230499853,2,"[0, 255, 0]",1,2,F,Covert,4
157,20,0.281041406,2,"[255, 0, 0]",1,2,F,Covert,4
158,10,0.328517844,0,"[255, 0, 0]",1,2,F,Covert,4
159,15,0.219288308,2,"[255, 0, 0]",1,2,F,Covert,4
160,20,0.253293673,0,"[255, 0, 0]",0,2,F,Covert,4
161,0,0.299654487,0,"[255, 0, 0]",1,2,F,Covert,4
162,35,0.36048671,2,"[0, 255, 0]",1,2,F,Covert,4
163,30,0.393681427,0,"[255, 0, 0]",1,2,F,Covert,4
164,25,0.305512039,2,"[0, 255, 0]",1,2,F,Covert,4
165,10,0.256666331,2,"[255, 0, 0]",1,2,F,Covert,4
166,0,0.308551378,0,"[255, 0, 0]",1,2,F,Covert,4
167,10,0.286294667,0,"[255, 0, 0]",1,2,F,Covert,4
168,25,0.309674353,0,"[255, 0, 0]",1,2,F,Covert,4
169,25,0.306518145,2,"[0, 255, 0]",1,2,F,Covert,4
170,0,0.274485889,0,"[255, 0, 0]",1,2,F,Covert,4
171,20,0.247397935,2,"[0, 255, 0]",0,2,F,Covert,4
172,0,0.322638879,2,"[0, 255, 0]",1,2,F,Covert,4
173,30,0.274975057,2,"[0, 255, 0]",1,2,F,Covert,4
174,30,0.240358161,0,"[255, 0, 0]",0,2,F,Covert,4
175,20,0.449588057,0,"[0, 255, 0]",1,2,F,Covert,4
176,25,0.276113199,0,"[255, 0, 0]",1,2,F,Covert,4
177,15,0.284806519,2,"[255, 0, 0]",1,2,F,Covert,4
178,35,0.316845315,2,"[0, 255, 0]",1,2,F,Covert,4
179,40,0.412952652,2,"[255, 0, 0]",1,2,F,Covert,4
180,30,0.300058979,2,"[0, 255, 0]",1,2,F,Covert,4
181,25,0.343065837,2,"[255, 0, 0]",1,2,F,Covert,4
182,35,0.25457069,0,"[0, 255, 0]",1,2,F,Covert,4
183,0,0.330951311,0,"[0, 255, 0]",1,2,F,Covert,4
184,25,0.256830531,0,"[255, 0, 0]",1,2,F,Covert,4
185,15,0.286772374,0,"[0, 255, 0]",1,2,F,Covert,4
186,40,0.260404075,2,"[255, 0, 0]",1,2,F,Covert,4
187,20,0.276115376,0,"[255, 0, 0]",1,2,F,Covert,4
188,25,0.278560967,2,"[0, 255, 0]",1,2,F,Covert,4
189,35,0.279255592,0,"[0, 255, 0]",1,2,F,Covert,4
190,20,0.284813618,0,"[255, 0, 0]",1,2,F,Covert,4
191,30,0.333527457,2,"[255, 0, 0]",0,2,F,Covert,4
192,20,0.241250238,2,"[255, 0, 0]",1,2,F,Covert,4
193,0,0.245270388,0,"[255, 0, 0]",1,2,F,Covert,4
194,40,0.345285573,0,"[0, 255, 0]",1,2,F,Covert,4
195,20,0.269632122,0,"[0, 255, 0]",1,2,F,Covert,4
196,25,0.341536988,0,"[255, 0, 0]",1,2,F,Covert,4
197,10,0.224272952,0,"[255, 0, 0]",1,2,F,Covert,4
198,35,0.433271572,2,"[0, 255, 0]",1,2,F,Covert,4
199,35,0.259343884,0,"[0, 255, 0]",1,2,F,Covert,4
200,20,0.300890732,2,"[255, 0, 0]",1,2,F,Covert,4
201,35,0.295321029,2,"[0, 255, 0]",0,2,F,Covert,4
202,5,0.549335238,0,"[255, 0, 0]",1,2,F,Covert,4
203,10,0.343509192,2,"[0, 255, 0]",0,2,F,Covert,4
204,5,0.294010728,2,"[0, 255, 0]",1,2,F,Covert,4
205,30,0.272875484,0,"[0, 255, 0]",1,2,F,Covert,4
206,25,0.306894098,0,"[255, 0, 0]",1,2,F,Covert,4
207,20,0.21698179,0,"[0, 255, 0]",1,2,F,Covert,4
208,5,0.246232321,0,"[0, 255, 0]",1,2,F,Covert,4
209,10,0.244743906,0,"[0, 255, 0]",1,2,F,Covert,4
210,30,0.250042923,2,"[255, 0, 0]",1,2,F,Covert,4
211,15,0.307434072,0,"[0, 255, 0]",1,2,F,Covert,4
212,25,0.250351527,0,"[0, 255, 0]",1,2,F,Covert,4
213,40,0.470233726,2,"[0, 255, 0]",1,2,F,Covert,4
214,30,0.23372715,2,"[0, 255, 0]",1,2,F,Covert,4
215,20,0.228614518,2,"[0, 255, 0]",1,2,F,Covert,4
216,0,0.195764019,0,"[0, 255, 0]",1,2,F,Covert,4
217,25,0.241761129,2,"[255, 0, 0]",1,2,F,Covert,4
218,20,0.26644366,2,"[0, 255, 0]",1,2,F,Covert,4
219,25,0.31705371,0,"[255, 0, 0]",1,2,F,Covert,4
220,25,0.231613119,2,"[255, 0, 0]",1,2,F,Covert,4
221,35,0.268635052,2,"[255, 0, 0]",1,2,F,Covert,4
222,20,0.263270546,0,"[0, 255, 0]",1,2,F,Covert,4
223,25,0.199496479,0,"[0, 255, 0]",1,2,F,Covert,4
224,10,0.272427623,2,"[0, 255, 0]",1,2,F,Covert,4
225,30,0.258844637,2,"[0, 255, 0]",1,2,F,Covert,4
226,0,0.179744394,0,"[255, 0, 0]",1,2,F,Covert,4
227,35,0.224322576,2,"[255, 0, 0]",1,2,F,Covert,4
228,5,0.256390995,0,"[255, 0, 0]",1,2,F,Covert,4
229,5,0.248145242,0,"[255, 0, 0]",1,2,F,Covert,4
230,5,0.288067022,2,"[0, 255, 0]",1,2,F,Covert,4
231,5,0.329547303,0,"[255, 0, 0]",1,2,F,Covert,4
232,25,0.301098789,0,"[255, 0, 0]",0,2,F,Covert,4
233,35,0.279453167,0,"[255, 0, 0]",1,2,F,Covert,4
234,0,0.253183121,2,"[255, 0, 0]",1,2,F,Covert,4
235,20,0.250348889,2,"[0, 255, 0]",1,2,F,Covert,4
236,30,0.298835381,2,"[255, 0, 0]",1,2,F,Covert,4
237,25,0.284568395,0,"[0, 255, 0]",1,2,F,Covert,4
238,5,0.2974609,2,"[255, 0, 0]",1,2,F,Covert,4
239,25,0.254749062,2,"[255, 0, 0]",1,2,F,Covert,4
240,10,0.274096304,0,"[0, 255, 0]",1,2,F,Covert,4
241,35,0.282046619,2,"[255, 0, 0]",1,2,F,Covert,4
242,40,0.331599764,0,"[0, 255, 0]",1,2,F,Covert,4
243,30,0.296208176,0,"[255, 0, 0]",1,2,F,Covert,4
244,15,0.274767127,0,"[0, 255, 0]",1,2,F,Covert,4
245,15,0.40303421,0,"[0, 255, 0]",1,2,F,Covert,4
246,0,0.310906091,2,"[255, 0, 0]",1,2,F,Covert,4
247,30,0.337964828,0,"[0, 255, 0]",1,2,F,Covert,4
248,15,0.240221379,0,"[255, 0, 0]",0,2,F,Covert,4
249,10,0.423157427,0,"[0, 255, 0]",1,2,F,Covert,4
250,30,0.216360752,2,"[255, 0, 0]",1,2,F,Covert,4
251,35,0.26342746,0,"[255, 0, 0]",1,2,F,Covert,4
252,5,0.215014044,2,"[255, 0, 0]",1,2,F,Covert,4
253,10,0.251079306,0,"[255, 0, 0]",1,2,F,Covert,4
254,35,0.255170107,2,"[255, 0, 0]",1,2,F,Covert,4
255,40,0.303488272,2,"[0, 255, 0]",1,2,F,Covert,4
256,10,0.280892169,0,"[255, 0, 0]",1,2,F,Covert,4
257,5,0.405218358,2,"[0, 255, 0]",1,2,F,Covert,4
258,30,0.34158531,2,"[0, 255, 0]",1,2,F,Covert,4
259,15,0.261941613,2,"[255, 0, 0]",1,2,F,Covert,4
260,40,0.293209838,0,"[0, 255, 0]",1,2,F,Covert,4
261,40,0.258736849,2,"[255, 0, 0]",1,2,F,Covert,4
262,5,0.258576609,0,"[0, 255, 0]",1,2,F,Covert,4
263,15,0.41593801,2,"[0, 255, 0]",1,2,F,Covert,4
264,35,0.264746361,0,"[255, 0, 0]",1,2,F,Covert,4
265,5,0.256898748,0,"[0, 255, 0]",1,2,F,Covert,4
266,10,0.250468525,0,"[0, 255, 0]",1,2,F,Covert,4
267,5,0.213652743,0,"[0, 255, 0]",1,2,F,Covert,4
268,0,0.237321835,2,"[255, 0, 0]",0,2,F,Covert,4
269,25,0.302593234,2,"[0, 255, 0]",1,2,F,Covert,4
270,15,0.250516328,0,"[0, 255, 0]",1,2,F,Covert,4
271,30,0.373129245,2,"[255, 0, 0]",1,2,F,Covert,4
272,5,0.336523959,2,"[0, 255, 0]",1,2,F,Covert,4
273,15,0.303167614,2,"[0, 255, 0]",1,2,F,Covert,4
274,25,0.27349863,2,"[0, 255, 0]",1,2,F,Covert,4
275,0,0.289394882,2,"[255, 0, 0]",1,2,F,Covert,4
276,35,0.30877085,0,"[255, 0, 0]",1,2,F,Covert,4
277,5,0.254460897,2,"[255, 0, 0]",1,2,F,Covert,4
278,10,0.215697454,2,"[255, 0, 0]",1,2,F,Covert,4
279,10,0.257216274,2,"[255, 0, 0]",1,2,F,Covert,4
280,40,0.470488672,0,"[0, 255, 0]",1,2,F,Covert,4
281,25,0.270954245,2,"[0, 255, 0]",1,2,F,Covert,4
282,35,0.241783478,0,"[0, 255, 0]",1,2,F,Covert,4
283,25,0.287326898,0,"[255, 0, 0]",1,2,F,Covert,4
284,40,0.317661493,0,"[255, 0, 0]",1,2,F,Covert,4
285,15,0.276540667,0,"[0, 255, 0]",1,2,F,Covert,4
286,0,0.239749818,2,"[0, 255, 0]",1,2,F,Covert,4
287,15,0.321929329,0,"[255, 0, 0]",1,2,F,Covert,4
288,20,0.25256463,0,"[255, 0, 0]",1,2,F,Covert,4
289,25,0.292490555,2,"[0, 0, 255]",1,3,F,Covert,4
290,15,0.302232694,0,"[255, 0, 0]",1,3,F,Covert,4
291,15,0.249562408,0,"[255, 255, 0]",1,3,F,Covert,4
292,5,0.324489275,0,"[0, 0, 255]",0,3,F,Covert,4
293,25,0.264700366,0,"[255, 255, 0]",1,3,F,Covert,4
294,40,0.275303608,2,"[255, 255, 0]",1,3,F,Covert,4
295,5,0.214838998,0,"[255, 0, 0]",1,3,F,Covert,4
296,10,0.283245152,0,"[255, 255, 0]",1,3,F,Covert,4
297,10,0.265230522,2,"[255, 255, 0]",1,3,F,Covert,4
298,0,0.538973659,0,"[0, 0, 255]",1,3,F,Covert,4
299,10,0.204609327,2,"[0, 0, 255]",1,3,F,Covert,4
300,35,0.198861966,0,"[0, 0, 255]",1,3,F,Covert,4
301,0,0.31631636,0,"[255, 255, 0]",1,3,F,Covert,4
302,5,0.265578575,0,"[255, 0, 0]",1,3,F,Covert,4
303,25,0.251014727,0,"[255, 0, 0]",1,3,F,Covert,4
304,15,0.27574994,2,"[0, 0, 255]",1,3,F,Covert,4
305,5,0.286172005,0,"[255, 255, 0]",1,3,F,Covert,4
306,0,0.352038645,0,"[255, 0, 0]",1,3,F,Covert,4
307,40,0.335648136,0,"[255, 0, 0]",1,3,F,Covert,4
308,30,0.381001743,2,"[255, 255, 0]",1,3,F,Covert,4
309,5,0.292518453,2,"[255, 0, 0]",1,3,F,Covert,4
310,40,0.308227893,0,"[255, 0, 0]",1,3,F,Covert,4
311,15,0.340620733,2,"[0, 0, 255]",1,3,F,Covert,4
312,35,0.357878702,2,"[255, 0, 0]",1,3,F,Covert,4
313,40,0.324633309,2,"[255, 255, 0]",1,3,F,Covert,4
314,25,0.358706269,0,"[255, 0, 0]",1,3,F,Covert,4
315,40,0.214880523,0,"[0, 0, 255]",1,3,F,Covert,4
316,5,0.220488287,2,"[255, 255, 0]",1,3,F,Covert,4
317,40,0.239250602,0,"[255, 255, 0]",1,3,F,Covert,4
318,35,0.225657428,0,"[0, 0, 255]",1,3,F,Covert,4
319,35,0.309657048,0,"[255, 255, 0]",1,3,F,Covert,4
320,10,0.235434694,0,"[0, 0, 255]",1,3,F,Covert,4
321,10,0.225713008,2,"[0, 0, 255]",1,3,F,Covert,4
322,25,0.2575175,2,"[255, 255, 0]",1,3,F,Covert,4
323,25,0.234098513,0,"[255, 0, 0]",1,3,F,Covert,4
324,35,0.270871186,2,"[255, 0, 0]",1,3,F,Covert,4
325,20,0.238085018,0,"[255, 0, 0]",1,3,F,Covert,4
326,25,0.241981631,2,"[255, 0, 0]",1,3,F,Covert,4
327,15,0.294184493,0,"[0, 0, 255]",1,3,F,Covert,4
328,30,0.010118002,0,"[255, 255, 0]",1,3,F,Covert,4
329,0,0.3886602,0,"[255, 0, 0]",1,3,F,Covert,4
330,40,0.270209417,2,"[255, 0, 0]",1,3,F,Covert,4
331,5,0.269143282,0,"[0, 0, 255]",1,3,F,Covert,4
332,20,0.233549413,2,"[255, 255, 0]",1,3,F,Covert,4
333,40,0.288923756,0,"[255, 255, 0]",1,3,F,Covert,4
334,30,0.246137202,2,"[255, 255, 0]",1,3,F,Covert,4
335,0,0.229809603,0,"[255, 255, 0]",1,3,F,Covert,4
336,20,0.222875666,2,"[255, 255, 0]",1,3,F,Covert,4
337,10,0.21665508,0,"[255, 255, 0]",1,3,F,Covert,4
338,15,0.212790779,2,"[0, 0, 255]",1,3,F,Covert,4
339,5,0.320622902,2,"[255, 0, 0]",1,3,F,Covert,4
340,15,0.332372131,2,"[255, 0, 0]",1,3,F,Covert,4
341,10,0.349851007,2,"[0, 0, 255]",1,3,F,Covert,4
342,40,0.321805497,0,"[255, 0, 0]",1,3,F,Covert,4
343,25,0.297895716,2,"[0, 0, 255]",1,3,F,Covert,4
344,10,0.242973251,0,"[0, 0, 255]",1,3,F,Covert,4
345,15,0.310760777,0,"[255, 0, 0]",1,3,F,Covert,4
346,0,0.28268496,2,"[255, 0, 0]",1,3,F,Covert,4
347,20,0.301323776,2,"[255, 255, 0]",1,3,F,Covert,4
348,40,0.28388082,0,"[0, 0, 255]",1,3,F,Covert,4
349,40,0.283886754,0,"[255, 255, 0]",1,3,F,Covert,4
350,40,0.251622172,2,"[0, 0, 255]",1,3,F,Covert,4
351,40,0.248692658,0,"[0, 0, 255]",1,3,F,Covert,4
352,25,0.222390908,0,"[0, 0, 255]",1,3,F,Covert,4
353,15,0.283155701,2,"[0, 0, 255]",1,3,F,Covert,4
354,0,0.284510461,2,"[255, 255, 0]",1,3,F,Covert,4
355,5,0.23143305,2,"[255, 255, 0]",1,3,F,Covert,4
356,0,0.319591883,2,"[255, 0, 0]",1,3,F,Covert,4
357,5,0.241162986,2,"[255, 0, 0]",1,3,F,Covert,4
358,15,0.313797022,0,"[255, 0, 0]",1,3,F,Covert,4
359,20,0.295253605,0,"[255, 255, 0]",1,3,F,Covert,4
360,35,0.286539251,2,"[255, 0, 0]",1,3,F,Covert,4
361,20,0.26952897,2,"[0, 0, 255]",1,3,F,Covert,4
362,10,0.374507861,2,"[255, 0, 0]",1,3,F,Covert,4
363,40,0.255205287,2,"[255, 255, 0]",1,3,F,Covert,4
364,0,0.31142906,0,"[255, 255, 0]",1,3,F,Covert,4
365,30,0.270952065,2,"[0, 0, 255]",0,3,F,Covert,4
366,30,0.297877052,2,"[0, 0, 255]",1,3,F,Covert,4
367,5,0.280289902,0,"[255, 255, 0]",1,3,F,Covert,4
368,15,0.265138256,2,"[0, 0, 255]",1,3,F,Covert,4
369,35,0.342309544,2,"[0, 0, 255]",1,3,F,Covert,4
370,5,0.220689077,0,"[0, 0, 255]",1,3,F,Covert,4
371,25,0.265310315,0,"[255, 0, 0]",1,3,F,Covert,4
372,30,0.392043613,2,"[0, 0, 255]",0,3,F,Covert,4
373,0,0.321570935,2,"[0, 0, 255]",1,3,F,Covert,4
374,25,0.264096969,0,"[255, 255, 0]",1,3,F,Covert,4
375,35,0.227787715,2,"[255, 255, 0]",1,3,F,Covert,4
376,10,0.247685122,0,"[255, 0, 0]",1,3,F,Covert,4
377,5,0.270500087,0,"[255, 0, 0]",1,3,F,Covert,4
378,0,0.461644034,0,"[0, 0, 255]",1,3,F,Covert,4
379,25,0.302706691,0,"[255, 0, 0]",1,3,F,Covert,4
380,35,0.351974104,0,"[255, 255, 0]",1,3,F,Covert,4
381,15,0.206516639,2,"[0, 0, 255]",1,3,F,Covert,4
382,20,0.25287802,2,"[0, 0, 255]",1,3,F,Covert,4
383,35,0.318571462,2,"[255, 0, 0]",1,3,F,Covert,4
384,5,0.204112687,2,"[255, 255, 0]",1,3,F,Covert,4
385,0,0.337307726,0,"[255, 0, 0]",1,3,F,Covert,4
386,20,0.341005251,0,"[255, 0, 0]",1,3,F,Covert,4
387,10,0.235019723,0,"[0, 0, 255]",1,3,F,Covert,4
388,35,0.24482884,0,"[0, 0, 255]",1,3,F,Covert,4
389,35,0.236557929,0,"[0, 0, 255]",1,3,F,Covert,4
390,40,0.296380932,2,"[0, 0, 255]",1,3,F,Covert,4
391,20,0.235003021,2,"[0, 0, 255]",1,3,F,Covert,4
392,35,0.225205696,2,"[0, 0, 255]",1,3,F,Covert,4
393,35,0.257435171,2,"[0, 0, 255]",1,3,F,Covert,4
394,40,0.342005332,2,"[255, 255, 0]",1,3,F,Covert,4
395,0,0.207299121,2,"[255, 0, 0]",0,3,F,Covert,4
396,30,0.320903371,0,"[255, 0, 0]",1,3,F,Covert,4
397,30,0.319855174,0,"[0, 0, 255]",0,3,F,Covert,4
398,20,0.282188663,2,"[255, 255, 0]",1,3,F,Covert,4
399,0,0.27120413,2,"[0, 0, 255]",1,3,F,Covert,4
400,20,0.253791239,2,"[0, 0, 255]",1,3,F,Covert,4
401,20,0.260727241,0,"[255, 255, 0]",1,3,F,Covert,4
402,10,0.241636758,0,"[255, 255, 0]",1,3,F,Covert,4
403,25,0.335554052,0,"[255, 0, 0]",1,3,F,Covert,4
404,10,0.308106947,0,"[0, 0, 255]",1,3,F,Covert,4
405,35,0.321878406,0,"[255, 0, 0]",1,3,F,Covert,4
406,0,0.262559606,0,"[255, 0, 0]",1,3,F,Covert,4
407,10,0.350917772,2,"[255, 0, 0]",1,3,F,Covert,4
408,40,0.259564894,2,"[255, 0, 0]",1,3,F,Covert,4
409,30,0.24910495,0,"[255, 255, 0]",1,3,F,Covert,4
410,15,0.245201451,0,"[255, 255, 0]",1,3,F,Covert,4
411,5,0.276649792,2,"[0, 0, 255]",1,3,F,Covert,4
412,0,0.258002263,2,"[0, 0, 255]",1,3,F,Covert,4
413,25,0.29026769,2,"[255, 0, 0]",1,3,F,Covert,4
414,35,0.271601897,2,"[255, 0, 0]",1,3,F,Covert,4
415,0,0.346233915,2,"[255, 255, 0]",1,3,F,Covert,4
416,10,0.244618552,2,"[255, 255, 0]",1,3,F,Covert,4
417,10,0.292334342,2,"[0, 0, 255]",1,3,F,Covert,4
418,10,0.328269517,2,"[255, 0, 0]",1,3,F,Covert,4
419,5,0.198689552,0,"[255, 255, 0]",1,3,F,Covert,4
420,15,0.258750496,2,"[0, 0, 255]",1,3,F,Covert,4
421,0,0.193681225,0,"[255, 255, 0]",1,3,F,Covert,4
422,20,0.264678599,0,"[0, 0, 255]",1,3,F,Covert,4
423,20,0.184793797,0,"[255, 0, 0]",0,3,F,Covert,4
424,5,0.258381276,2,"[0, 0, 255]",1,3,F,Covert,4
425,15,0.239984441,0,"[255, 255, 0]",1,3,F,Covert,4
426,0,0.209707461,0,"[0, 0, 255]",1,3,F,Covert,4
427,25,0.254539431,2,"[0, 0, 255]",0,3,F,Covert,4
428,30,0.262474647,2,"[255, 0, 0]",0,3,F,Covert,4
429,40,0.315169246,0,"[255, 255, 0]",1,3,F,Covert,4
430,20,0.251739608,0,"[255, 255, 0]",1,3,F,Covert,4
431,30,0.23941621,0,"[0, 0, 255]",1,3,F,Covert,4
432,25,0.349376369,2,"[255, 0, 0]",1,3,F,Covert,4
433,20,0.461044655,0,"[255, 0, 0]",1,3,F,Covert,4
434,30,0.296880698,0,"[255, 0, 0]",1,3,F,Covert,4
435,0,0.287359679,0,"[0, 0, 255]",1,3,F,Covert,4
436,40,0.289659489,2,"[0, 0, 255]",1,3,F,Covert,4
437,0,0.239423651,2,"[255, 255, 0]",1,3,F,Covert,4
438,20,0.317568439,2,"[255, 0, 0]",1,3,F,Covert,4
439,15,0.279369904,0,"[0, 0, 255]",1,3,F,Covert,4
440,0,0.307727209,2,"[255, 0, 0]",1,3,F,Covert,4
441,40,0.2664121,0,"[0, 0, 255]",1,3,F,Covert,4
442,35,0.354056525,0,"[255, 0, 0]",1,3,F,Covert,4
443,10,0.289825046,0,"[0, 0, 255]",1,3,F,Covert,4
444,10,0.238090419,0,"[0, 0, 255]",1,3,F,Covert,4
445,15,0.375581237,2,"[255, 0, 0]",1,3,F,Covert,4
446,25,0.236000724,2,"[255, 0, 0]",1,3,F,Covert,4
447,5,0.273050395,2,"[255, 255, 0]",1,3,F,Covert,4
448,25,0.2229142,0,"[255, 255, 0]",1,3,F,Covert,4
449,25,0.221728855,0,"[255, 0, 0]",0,3,F,Covert,4
450,5,0.282120596,0,"[255, 0, 0]",1,3,F,Covert,4
451,15,0.242380385,0,"[0, 0, 255]",1,3,F,Covert,4
452,25,0.251138879,0,"[255, 255, 0]",1,3,F,Covert,4
453,40,0.248104817,0,"[0, 0, 255]",1,3,F,Covert,4
454,35,0.256802776,2,"[0, 0, 255]",1,3,F,Covert,4
455,25,0.309042544,2,"[255, 0, 0]",1,3,F,Covert,4
456,40,0.256526899,2,"[0, 0, 255]",1,3,F,Covert,4
457,5,0.266469849,2,"[255, 0, 0]",1,3,F,Covert,4
458,5,0.255579675,0,"[0, 0, 255]",1,3,F,Covert,4
459,15,0.240750111,0,"[255, 255, 0]",1,3,F,Covert,4
460,20,0.348998596,0,"[255, 0, 0]",1,3,F,Covert,4
461,20,0.204740229,0,"[255, 255, 0]",1,3,F,Covert,4
462,40,0.270448101,2,"[255, 255, 0]",1,3,F,Covert,4
463,15,0.249910429,2,"[0, 0, 255]",1,3,F,Covert,4
464,0,0.241189643,2,"[0, 0, 255]",1,3,F,Covert,4
465,15,0.304465413,0,"[255, 0, 0]",1,3,F,Covert,4
466,0,0.245728992,0,"[255, 0, 0]",1,3,F,Covert,4
467,35,0.077910775,2,"[0, 0, 255]",1,3,F,Covert,4
468,40,0.341050051,0,"[255, 0, 0]",1,3,F,Covert,4
469,10,0.246737344,0,"[255, 255, 0]",1,3,F,Covert,4
470,15,0.330970138,2,"[255, 0, 0]",1,3,F,Covert,4
471,25,0.261790167,2,"[0, 0, 255]",1,3,F,Covert,4
472,30,0.245916155,2,"[255, 0, 0]",1,3,F,Covert,4
473,20,0.372317018,2,"[255, 0, 0]",1,3,F,Covert,4
474,15,0.306790068,2,"[0, 0, 255]",1,3,F,Covert,4
475,30,0.307871493,2,"[255, 0, 0]",1,3,F,Covert,4
476,15,0.584175481,2,"[0, 0, 255]",1,3,F,Covert,4
477,15,0.250752976,0,"[0, 0, 255]",1,3,F,Covert,4
478,20,0.275297035,2,"[255, 255, 0]",0,3,F,Covert,4
479,25,0.273991118,0,"[255, 255, 0]",1,3,F,Covert,4
480,40,0.263234621,2,"[255, 0, 0]",0,3,F,Covert,4
481,30,0.259578539,2,"[0, 0, 255]",1,3,F,Covert,4
482,0,0.26271183,2,"[0, 0, 255]",1,3,F,Covert,4
483,20,0.254585881,0,"[255, 0, 0]",0,3,F,Covert,4
484,25,0.285007877,0,"[0, 0, 255]",1,3,F,Covert,4
485,30,0.247864615,0,"[255, 255, 0]",1,3,F,Covert,4
486,0,0.250529192,2,"[255, 0, 0]",1,3,F,Covert,4
487,15,0.279730164,2,"[255, 0, 0]",1,3,F,Covert,4
488,25,0.294504793,2,"[0, 0, 255]",1,3,F,Covert,4
489,15,0.256488795,0,"[0, 0, 255]",1,3,F,Covert,4
490,5,0.353320853,0,"[255, 0, 0]",1,3,F,Covert,4
491,10,0.245501125,0,"[255, 255, 0]",1,3,F,Covert,4
492,15,0.369530458,0,"[255, 0, 0]",1,3,F,Covert,4
493,10,0.379283871,2,"[0, 0, 255]",1,3,F,Covert,4
494,30,0.3007069,0,"[255, 0, 0]",1,3,F,Covert,4
495,30,0.415472572,0,"[0, 0, 255]",0,3,F,Covert,4
496,35,0.519580579,2,"[0, 0, 255]",1,3,F,Covert,4
497,35,0.373472046,0,"[255, 0, 0]",1,3,F,Covert,4
498,35,0.289063212,0,"[255, 255, 0]",1,3,F,Covert,4
499,10,0.308579905,0,"[255, 0, 0]",1,3,F,Covert,4
500,30,0.334850299,2,"[255, 0, 0]",1,3,F,Covert,4
501,20,0.28894407,0,"[255, 0, 0]",1,3,F,Covert,4
502,25,0.285345067,2,"[255, 0, 0]",1,3,F,Covert,4
503,0,0.283512467,0,"[255, 0, 0]",1,3,F,Covert,4
504,10,0.220390953,2,"[255, 0, 0]",1,3,F,Covert,4
505,30,0.39482956,0,"[255, 0, 0]",1,3,F,Covert,4
506,20,0.228371297,2,"[255, 0, 0]",1,3,F,Covert,4
507,35,0.237458223,0,"[255, 0, 0]",1,3,F,Covert,4
508,0,0.356517632,2,"[255, 255, 0]",1,3,F,Covert,4
509,10,0.445268021,0,"[0, 0, 255]",1,3,F,Covert,4
510,25,0.29727104,2,"[255, 0, 0]",1,3,F,Covert,4
511,30,0.282054943,2,"[255, 0, 0]",1,3,F,Covert,4
512,20,0.312630997,2,"[0, 0, 255]",1,3,F,Covert,4
513,10,0.301761654,0,"[255, 0, 0]",1,3,F,Covert,4
514,10,0.232973568,2,"[255, 255, 0]",1,3,F,Covert,4
515,35,0.35891584,2,"[255, 0, 0]",1,3,F,Covert,4
516,5,0.247771325,2,"[255, 0, 0]",1,3,F,Covert,4
517,0,0.274902117,2,"[0, 0, 255]",1,3,F,Covert,4
518,35,0.246413669,0,"[0, 0, 255]",1,3,F,Covert,4
519,35,0.344818748,2,"[255, 255, 0]",1,3,F,Covert,4
520,5,0.366903829,0,"[255, 0, 0]",1,3,F,Covert,4
521,40,0.284475274,2,"[255, 255, 0]",1,3,F,Covert,4
522,30,0.35316435,0,"[255, 0, 0]",1,3,F,Covert,4
523,10,0.210392195,2,"[0, 0, 255]",1,3,F,Covert,4
524,15,0.261523581,2,"[255, 0, 0]",1,3,F,Covert,4
525,20,0.215220435,2,"[0, 0, 255]",1,3,F,Covert,4
526,5,0.232877765,2,"[255, 255, 0]",1,3,F,Covert,4
527,5,0.28169818,2,"[255, 0, 0]",1,3,F,Covert,4
528,25,0.260854886,2,"[255, 0, 0]",0,3,F,Covert,4
529,30,0.32466349,2,"[0, 0, 255]",1,3,F,Covert,4
530,35,0.314886363,0,"[255, 255, 0]",1,3,F,Covert,4
531,40,0.360254164,0,"[255, 0, 0]",1,3,F,Covert,4
532,10,0.227381539,2,"[255, 0, 0]",1,3,F,Covert,4
533,5,0.396306998,2,"[255, 0, 0]",1,3,F,Covert,4
534,35,0.313441,0,"[255, 0, 0]",1,3,F,Covert,4
535,40,0.347820982,0,"[255, 0, 0]",1,3,F,Covert,4
536,30,0.282215236,0,"[0, 0, 255]",1,3,F,Covert,4
537,5,0.272545308,2,"[255, 255, 0]",1,3,F,Covert,4
538,25,0.311919969,0,"[255, 255, 0]",1,3,F,Covert,4
539,40,0.251352403,2,"[255, 255, 0]",1,3,F,Covert,4
540,20,0.398524306,2,"[0, 0, 255]",1,3,F,Covert,4
541,20,0.266015908,0,"[255, 255, 0]",1,3,F,Covert,4
542,15,0.231839362,0,"[255, 255, 0]",1,3,F,Covert,4
543,30,0.266187573,2,"[0, 0, 255]",1,3,F,Covert,4
544,30,0.351025296,0,"[255, 0, 0]",1,3,F,Covert,4
545,5,0.37814803,0,"[0, 0, 255]",1,3,F,Covert,4
546,35,0.394583395,0,"[255, 255, 0]",1,3,F,Covert,4
547,30,0.261433912,0,"[0, 0, 255]",1,3,F,Covert,4
548,30,0.296723604,2,"[0, 0, 255]",1,3,F,Covert,4
549,40,0.239192022,2,"[0, 0, 255]",1,3,F,Covert,4
550,20,0.25796065,0,"[0, 0, 255]",1,3,F,Covert,4
551,10,0.371243572,2,"[255, 255, 0]",1,3,F,Covert,4
552,5,0.240631963,0,"[0, 0, 255]",1,3,F,Covert,4
553,0,0.36053339,0,"[255, 0, 0]",1,3,F,Covert,4
554,25,0.431078452,2,"[255, 255, 0]",1,3,F,Covert,4
555,35,0.24799826,2,"[255, 255, 0]",1,3,F,Covert,4
556,30,0.301858687,2,"[255, 0, 0]",1,3,F,Covert,4
557,30,0.335201829,0,"[0, 0, 255]",1,3,F,Covert,4
558,20,0.217476262,0,"[255, 255, 0]",1,3,F,Covert,4
1,15,0.210096909,2,"[255, 0, 0]",1,1,F,Covert,4
2,40,0.184866088,2,"[255, 0, 0]",1,1,F,Covert,4
3,20,0.24543186,0,"[255, 0, 0]",1,1,F,Covert,4
4,5,0.191119958,0,"[255, 0, 0]",1,1,F,Covert,4
5,25,0.211973478,2,"[255, 0, 0]",1,1,F,Covert,4
6,40,0.118629932,0,"[255, 0, 0]",1,1,F,Covert,4
7,30,0.212753098,2,"[255, 0, 0]",1,1,F,Covert,4
8,35,0.23291652,0,"[255, 0, 0]",1,1,F,Covert,4
9,20,0.221814416,0,"[255, 0, 0]",1,1,F,Covert,4
10,5,0.196715497,0,"[255, 0, 0]",1,1,F,Covert,4
11,30,-0.014967471,2,"[255, 0, 0]",1,1,F,Covert,4
12,0,0.155417055,2,"[255, 0, 0]",1,1,F,Covert,4
13,5,0.190850968,0,"[255, 0, 0]",1,1,F,Covert,4
14,10,0.209673779,2,"[255, 0, 0]",1,1,F,Covert,4
15,25,0.175289781,2,"[255, 0, 0]",1,1,F,Covert,4
16,35,-0.001109634,2,"[255, 0, 0]",1,1,F,Covert,4
17,15,0.189560236,2,"[255, 0, 0]",1,1,F,Covert,4
18,20,-0.099010972,0,"[255, 0, 0]",1,1,F,Covert,4
19,5,0.206094976,2,"[255, 0, 0]",1,1,F,Covert,4
20,40,0.045329535,2,"[255, 0, 0]",1,1,F,Covert,4
21,5,0.202631186,2,"[255, 0, 0]",1,1,F,Covert,4
22,15,0.197389608,0,"[255, 0, 0]",1,1,F,Covert,4
23,35,0.233838773,2,"[255, 0, 0]",1,1,F,Covert,4
24,10,0.176379061,0,"[255, 0, 0]",1,1,F,Covert,4
25,15,0.214038125,0,"[255, 0, 0]",1,1,F,Covert,4
26,25,0.202144396,0,"[255, 0, 0]",1,1,F,Covert,4
27,35,0.176047028,0,"[255, 0, 0]",1,1,F,Covert,4
28,15,0.409988653,2,"[255, 0, 0]",1,1,F,Covert,4
29,35,0.16718039,0,"[255, 0, 0]",1,1,F,Covert,4
30,25,0.171767166,0,"[255, 0, 0]",1,1,F,Covert,4
31,0,-0.047908459,2,"[255, 0, 0]",1,1,F,Covert,4
32,0,0.211785926,0,"[255, 0, 0]",1,1,F,Covert,4
33,0,0.208563219,0,"[255, 0, 0]",1,1,F,Covert,4
34,30,0.222553404,2,"[255, 0, 0]",1,1,F,Covert,4
35,30,0.19562362,0,"[255, 0, 0]",1,1,F,Covert,4
36,0,0.177003013,0,"[255, 0, 0]",1,1,F,Covert,4
37,40,0.258986077,0,"[255, 0, 0]",1,1,F,Covert,4
38,25,0.192429738,0,"[255, 0, 0]",1,1,F,Covert,4
39,35,0.224306386,2,"[255, 0, 0]",1,1,F,Covert,4
40,20,0.167355443,0,"[255, 0, 0]",1,1,F,Covert,4
41,10,0.179074856,2,"[255, 0, 0]",1,1,F,Covert,4
42,35,0.225637202,0,"[255, 0, 0]",1,1,F,Covert,4
43,10,0.163855701,0,"[255, 0, 0]",1,1,F,Covert,4
44,25,0.175081798,2,"[255, 0, 0]",1,1,F,Covert,4
45,30,0.211143293,0,"[255, 0, 0]",1,1,F,Covert,4
46,5,0.204937819,0,"[255, 0, 0]",1,1,F,Covert,4
47,40,0.185706472,2,"[255, 0, 0]",1,1,F,Covert,4
48,15,0.180538684,2,"[255, 0, 0]",1,1,F,Covert,4
49,10,0.204213939,0,"[255, 0, 0]",1,1,F,Covert,4
50,10,0.189711928,0,"[255, 0, 0]",1,1,F,Covert,4
51,5,0.281190203,2,"[255, 0, 0]",1,1,F,Covert,4
52,15,0.161248145,0,"[255, 0, 0]",1,1,F,Covert,4
53,25,0.203555651,2,"[255, 0, 0]",1,1,F,Covert,4
54,10,0.178899847,2,"[255, 0, 0]",1,1,F,Covert,4
55,40,0.122383328,2,"[255, 0, 0]",1,1,F,Covert,4
56,0,0.199374004,2,"[255, 0, 0]",1,1,F,Covert,4
57,20,0.187759004,2,"[255, 0, 0]",1,1,F,Covert,4
58,40,0.218971631,0,"[255, 0, 0]",1,1,F,Covert,4
59,30,0.21377858,0,"[255, 0, 0]",1,1,F,Covert,4
60,10,0.079646025,2,"[255, 0, 0]",1,1,F,Covert,4
61,40,0.203503074,0,"[255, 0, 0]",1,1,F,Covert,4
62,20,0.200134981,2,"[255, 0, 0]",1,1,F,Covert,4
63,30,0.230715366,2,"[255, 0, 0]",1,1,F,Covert,4
64,35,0.205519308,2,"[255, 0, 0]",1,1,F,Covert,4
65,30,0.284996447,0,"[255, 0, 0]",1,1,F,Covert,4
66,5,0.198818698,2,"[255, 0, 0]",1,1,F,Covert,4
67,0,0.16168542,2,"[255, 0, 0]",1,1,F,Covert,4
68,20,0.113049546,2,"[255, 0, 0]",1,1,F,Covert,4
69,15,0.14922944,0,"[255, 0, 0]",1,1,F,Covert,4
70,0,0.162793457,0,"[255, 0, 0]",1,1,F,Covert,4
71,25,0.242877008,0,"[255, 0, 0]",1,1,F,Covert,4
72,20,0.165893105,2,"[255, 0, 0]",1,1,F,Covert,4
73,10,0.231588231,0,"[0, 255, 0]",1,2,F,Covert,4
74,35,0.339293318,0,"[255, 0, 0]",1,2,F,Covert,4
75,15,0.230077929,0,"[0, 255, 0]",1,2,F,Covert,4
76,25,0.257823763,0,"[255, 0, 0]",0,2,F,Covert,4
77,0,0.220675555,0,"[255, 0, 0]",1,2,F,Covert,4
78,20,0.307320819,0,"[255, 0, 0]",1,2,F,Covert,4
79,15,0.267747636,2,"[0, 255, 0]",1,2,F,Covert,4
80,35,0.21969325,2,"[255, 0, 0]",1,2,F,Covert,4
81,15,0.237482135,0,"[255, 0, 0]",1,2,F,Covert,4
82,10,0.224484742,0,"[255, 0, 0]",1,2,F,Covert,4
83,30,0.255708301,2,"[0, 255, 0]",1,2,F,Covert,4
84,30,0.277875404,2,"[255, 0, 0]",1,2,F,Covert,4
85,5,0.20733063,2,"[255, 0, 0]",1,2,F,Covert,4
86,25,0.280161577,2,"[0, 255, 0]",1,2,F,Covert,4
87,0,0.254246722,2,"[255, 0, 0]",1,2,F,Covert,4
88,0,0.235067693,0,"[255, 0, 0]",1,2,F,Covert,4
89,40,0.30688766,0,"[255, 0, 0]",1,2,F,Covert,4
90,10,0.242657031,2,"[255, 0, 0]",1,2,F,Covert,4
91,0,0.317745772,0,"[0, 255, 0]",1,2,F,Covert,4
92,15,0.280052774,0,"[0, 255, 0]",1,2,F,Covert,4
93,30,0.271364731,2,"[0, 255, 0]",1,2,F,Covert,4
94,5,0.293623294,2,"[255, 0, 0]",1,2,F,Covert,4
95,40,0.277153965,0,"[255, 0, 0]",1,2,F,Covert,4
96,10,0.16440957,2,"[0, 255, 0]",0,2,F,Covert,4
97,0,0.287940544,2,"[0, 255, 0]",1,2,F,Covert,4
98,35,0.307233158,0,"[255, 0, 0]",1,2,F,Covert,4
99,15,0.258062548,2,"[0, 255, 0]",1,2,F,Covert,4
100,10,0.299598208,0,"[255, 0, 0]",1,2,F,Covert,4
101,0,0.322215698,2,"[255, 0, 0]",1,2,F,Covert,4
102,35,0.342278662,0,"[255, 0, 0]",1,2,F,Covert,4
103,35,0.308463728,2,"[0, 255, 0]",1,2,F,Covert,4
104,10,0.245074139,2,"[255, 0, 0]",1,2,F,Covert,4
105,20,0.210969675,2,"[255, 0, 0]",0,2,F,Covert,4
106,30,0.251770361,2,"[255, 0, 0]",1,2,F,Covert,4
107,0,0.218782947,0,"[255, 0, 0]",1,2,F,Covert,4
108,35,0.321684865,0,"[0, 255, 0]",1,2,F,Covert,4
109,25,0.201999961,2,"[255, 0, 0]",1,2,F,Covert,4
110,20,0.228050835,0,"[0, 255, 0]",1,2,F,Covert,4
111,0,0.272040756,0,"[255, 0, 0]",1,2,F,Covert,4
112,40,0.203617084,2,"[255, 0, 0]",1,2,F,Covert,4
113,20,0.285680177,0,"[0, 255, 0]",1,2,F,Covert,4
114,20,0.31490087,0,"[255, 0, 0]",1,2,F,Covert,4
115,0,0.256241571,2,"[255, 0, 0]",1,2,F,Covert,4
116,5,0.26665669,0,"[0, 255, 0]",1,2,F,Covert,4
117,40,0.236407099,0,"[0, 255, 0]",1,2,F,Covert,4
118,20,0.234259551,0,"[0, 255, 0]",1,2,F,Covert,4
119,35,0.234308418,2,"[0, 255, 0]",1,2,F,Covert,4
120,40,0.424553592,2,"[0, 255, 0]",1,2,F,Covert,4
121,15,0.272521857,0,"[255, 0, 0]",1,2,F,Covert,4
122,5,0.224354886,0,"[255, 0, 0]",1,2,F,Covert,4
123,0,0.245113543,0,"[255, 0, 0]",1,2,F,Covert,4
124,25,0.240403506,0,"[255, 0, 0]",1,2,F,Covert,4
125,30,0.245474763,0,"[255, 0, 0]",1,2,F,Covert,4
126,10,0.285327317,2,"[255, 0, 0]",1,2,F,Covert,4
127,0,0.350504565,0,"[0, 255, 0]",1,2,F,Covert,4
128,5,0.2404629,0,"[0, 255, 0]",1,2,F,Covert,4
129,5,0.293859422,0,"[255, 0, 0]",1,2,F,Covert,4
130,25,0.25900713,0,"[255, 0, 0]",1,2,F,Covert,4
131,5,0.296242708,2,"[0, 255, 0]",1,2,F,Covert,4
132,25,0.208176196,2,"[0, 255, 0]",0,2,F,Covert,4
133,35,0.292590546,0,"[0, 255, 0]",1,2,F,Covert,4
134,20,0.256992202,2,"[255, 0, 0]",1,2,F,Covert,4
135,15,0.227649433,0,"[0, 255, 0]",1,2,F,Covert,4
136,30,0.212117085,2,"[0, 255, 0]",0,2,F,Covert,4
137,40,0.333346324,2,"[255, 0, 0]",1,2,F,Covert,4
138,15,0.284705137,2,"[0, 255, 0]",1,2,F,Covert,4
139,0,0.287792446,2,"[255, 0, 0]",1,2,F,Covert,4
140,20,0.252085233,0,"[0, 255, 0]",1,2,F,Covert,4
141,15,0.275433784,0,"[255, 0, 0]",0,2,F,Covert,4
142,25,0.280059703,0,"[0, 255, 0]",1,2,F,Covert,4
143,40,0.32302972,0,"[255, 0, 0]",1,2,F,Covert,4
144,0,0.299854196,2,"[0, 255, 0]",1,2,F,Covert,4
145,30,0.315840159,0,"[0, 255, 0]",1,2,F,Covert,4
146,30,0.280529489,0,"[0, 255, 0]",1,2,F,Covert,4
147,40,0.406540991,0,"[255, 0, 0]",1,2,F,Covert,4
148,5,0.261751333,2,"[255, 0, 0]",1,2,F,Covert,4
149,40,0.319366591,0,"[0, 255, 0]",1,2,F,Covert,4
150,20,0.38000358,2,"[0, 255, 0]",1,2,F,Covert,4
151,5,0.297256972,2,"[0, 255, 0]",1,2,F,Covert,4
152,10,0.336694299,0,"[255, 0, 0]",1,2,F,Covert,4
153,0,0.242385638,2,"[255, 0, 0]",1,2,F,Covert,4
154,25,0.307075188,2,"[0, 255, 0]",1,2,F,Covert,4
155,15,0.290034345,2,"[0, 255, 0]",1,2,F,Covert,4
156,30,0.320164477,0,"[255, 0, 0]",1,2,F,Covert,4
157,40,0.312987877,2,"[0, 255, 0]",1,2,F,Covert,4
158,35,0.318056767,0,"[255, 0, 0]",1,2,F,Covert,4
159,35,0.289909922,0,"[255, 0, 0]",1,2,F,Covert,4
160,25,0.292366392,2,"[0, 255, 0]",1,2,F,Covert,4
161,15,0.325173273,0,"[255, 0, 0]",1,2,F,Covert,4
162,25,0.478270019,2,"[0, 255, 0]",1,2,F,Covert,4
163,25,0.224551862,0,"[0, 255, 0]",1,2,F,Covert,4
164,25,0.261321755,0,"[0, 255, 0]",1,2,F,Covert,4
165,15,0.275059341,0,"[255, 0, 0]",1,2,F,Covert,4
166,20,0.246379159,2,"[0, 255, 0]",1,2,F,Covert,4
167,30,0.304705239,0,"[0, 255, 0]",1,2,F,Covert,4
168,0,0.314291098,2,"[255, 0, 0]",1,2,F,Covert,4
169,0,0.430388368,2,"[0, 255, 0]",1,2,F,Covert,4
170,20,0.318064838,2,"[255, 0, 0]",1,2,F,Covert,4
171,35,0.270397617,2,"[255, 0, 0]",1,2,F,Covert,4
172,15,0.277923479,2,"[255, 0, 0]",1,2,F,Covert,4
173,30,0.258420939,0,"[0, 255, 0]",1,2,F,Covert,4
174,15,0.293760751,0,"[0, 255, 0]",1,2,F,Covert,4
175,20,0.295935168,2,"[255, 0, 0]",1,2,F,Covert,4
176,20,0.244230611,2,"[0, 255, 0]",0,2,F,Covert,4
177,0,0.278702263,2,"[0, 255, 0]",1,2,F,Covert,4
178,40,0.312638429,2,"[255, 0, 0]",1,2,F,Covert,4
179,25,0.260920114,2,"[0, 255, 0]",1,2,F,Covert,4
180,15,0.31079834,2,"[0, 255, 0]",1,2,F,Covert,4
181,35,0.278366788,2,"[0, 255, 0]",1,2,F,Covert,4
182,20,0.320507591,2,"[0, 255, 0]",1,2,F,Covert,4
183,40,0.279560753,0,"[255, 0, 0]",1,2,F,Covert,4
184,40,0.274208401,2,"[0, 255, 0]",1,2,F,Covert,4
185,35,0.302486683,0,"[255, 0, 0]",1,2,F,Covert,4
186,0,0.298315943,2,"[255, 0, 0]",1,2,F,Covert,4
187,0,0.244820812,0,"[0, 255, 0]",1,2,F,Covert,4
188,15,0.273994523,2,"[0, 255, 0]",1,2,F,Covert,4
189,25,0.299865777,0,"[255, 0, 0]",1,2,F,Covert,4
190,30,0.383251259,2,"[0, 255, 0]",1,2,F,Covert,4
191,5,0.253123728,0,"[255, 0, 0]",1,2,F,Covert,4
192,15,0.252677815,0,"[0, 255, 0]",1,2,F,Covert,4
193,5,0.285781598,0,"[255, 0, 0]",1,2,F,Covert,4
194,25,0.240532377,0,"[0, 255, 0]",1,2,F,Covert,4
195,10,0.272388858,2,"[0, 255, 0]",1,2,F,Covert,4
196,30,0.280549884,0,"[255, 0, 0]",1,2,F,Covert,4
197,35,0.319111994,2,"[0, 255, 0]",1,2,F,Covert,4
198,25,0.285292565,2,"[0, 255, 0]",1,2,F,Covert,4
199,0,0.210464764,0,"[0, 255, 0]",1,2,F,Covert,4
200,35,0.348019241,2,"[0, 255, 0]",1,2,F,Covert,4
201,40,0.233810509,2,"[0, 255, 0]",1,2,F,Covert,4
202,5,0.236464505,0,"[0, 255, 0]",1,2,F,Covert,4
203,30,0.267124095,2,"[255, 0, 0]",1,2,F,Covert,4
204,35,0.241793501,2,"[255, 0, 0]",1,2,F,Covert,4
205,5,0.255274726,0,"[255, 0, 0]",1,2,F,Covert,4
206,10,0.422345215,2,"[0, 255, 0]",1,2,F,Covert,4
207,35,0.397222403,0,"[255, 0, 0]",1,2,F,Covert,4
208,0,0.283777603,0,"[0, 255, 0]",1,2,F,Covert,4
209,5,0.270273782,0,"[255, 0, 0]",1,2,F,Covert,4
210,35,0.241914369,2,"[0, 255, 0]",1,2,F,Covert,4
211,35,0.260820958,2,"[255, 0, 0]",1,2,F,Covert,4
212,15,0.317660828,0,"[255, 0, 0]",1,2,F,Covert,4
213,30,0.289886226,0,"[255, 0, 0]",1,2,F,Covert,4
214,40,0.343551815,0,"[0, 255, 0]",1,2,F,Covert,4
215,40,0.246201048,0,"[0, 255, 0]",1,2,F,Covert,4
216,40,0.298076785,0,"[255, 0, 0]",1,2,F,Covert,4
217,25,0.286555264,0,"[255, 0, 0]",1,2,F,Covert,4
218,20,0.277384883,2,"[0, 255, 0]",1,2,F,Covert,4
219,25,0.239824252,0,"[0, 255, 0]",1,2,F,Covert,4
220,20,0.225026586,0,"[0, 255, 0]",1,2,F,Covert,4
221,10,0.209211612,0,"[0, 255, 0]",1,2,F,Covert,4
222,5,0.2689365,2,"[255, 0, 0]",1,2,F,Covert,4
223,25,0.409655895,0,"[255, 0, 0]",1,2,F,Covert,4
224,20,0.240651159,2,"[255, 0, 0]",1,2,F,Covert,4
225,30,0.196287292,2,"[255, 0, 0]",1,2,F,Covert,4
226,40,0.281835781,2,"[255, 0, 0]",1,2,F,Covert,4
227,5,0.312121005,2,"[0, 255, 0]",1,2,F,Covert,4
228,10,0.269364362,0,"[0, 255, 0]",1,2,F,Covert,4
229,20,0.241234881,2,"[255, 0, 0]",1,2,F,Covert,4
230,30,0.251898794,0,"[0, 255, 0]",1,2,F,Covert,4
231,10,0.221441461,2,"[255, 0, 0]",1,2,F,Covert,4
232,10,0.282006417,0,"[255, 0, 0]",1,2,F,Covert,4
233,10,0.261004921,0,"[0, 255, 0]",1,2,F,Covert,4
234,20,0.31900163,0,"[255, 0, 0]",1,2,F,Covert,4
235,5,0.309876058,2,"[0, 255, 0]",1,2,F,Covert,4
236,5,0.334700483,0,"[255, 0, 0]",1,2,F,Covert,4
237,5,0.266786819,2,"[0, 255, 0]",1,2,F,Covert,4
238,10,0.253382865,0,"[0, 255, 0]",1,2,F,Covert,4
239,15,0.349299811,2,"[0, 255, 0]",1,2,F,Covert,4
240,35,0.276405899,0,"[0, 255, 0]",1,2,F,Covert,4
241,40,0.322969809,0,"[255, 0, 0]",1,2,F,Covert,4
242,0,0.261944191,0,"[255, 0, 0]",1,2,F,Covert,4
243,5,0.18603324,2,"[255, 0, 0]",1,2,F,Covert,4
244,40,0.270379453,2,"[255, 0, 0]",1,2,F,Covert,4
245,30,0.28977206,2,"[0, 255, 0]",1,2,F,Covert,4
246,35,0.31001976,2,"[0, 255, 0]",1,2,F,Covert,4
247,15,0.296816685,0,"[255, 0, 0]",1,2,F,Covert,4
248,20,0.254465218,2,"[255, 0, 0]",1,2,F,Covert,4
249,15,0.208709132,2,"[255, 0, 0]",1,2,F,Covert,4
250,10,0.285960267,2,"[0, 255, 0]",1,2,F,Covert,4
251,40,0.294636723,2,"[255, 0, 0]",1,2,F,Covert,4
252,35,0.284014996,0,"[0, 255, 0]",1,2,F,Covert,4
253,25,0.318453653,2,"[255, 0, 0]",1,2,F,Covert,4
254,10,0.273966145,2,"[0, 255, 0]",1,2,F,Covert,4
255,30,0.218467467,0,"[0, 255, 0]",1,2,F,Covert,4
256,15,0.257338015,2,"[255, 0, 0]",1,2,F,Covert,4
257,25,0.23779695,2,"[255, 0, 0]",1,2,F,Covert,4
258,10,0.284937359,2,"[0, 255, 0]",1,2,F,Covert,4
259,35,0.279566822,0,"[0, 255, 0]",1,2,F,Covert,4
260,25,0.233005292,0,"[0, 255, 0]",1,2,F,Covert,4
261,40,0.478047937,0,"[255, 0, 0]",1,2,F,Covert,4
262,10,0.216463493,0,"[255, 0, 0]",1,2,F,Covert,4
263,35,0.194401482,2,"[0, 255, 0]",0,2,F,Covert,4
264,25,0.395368032,2,"[255, 0, 0]",1,2,F,Covert,4
265,40,0.300334059,2,"[0, 255, 0]",1,2,F,Covert,4
266,5,0.258278574,2,"[255, 0, 0]",1,2,F,Covert,4
267,10,0.340312393,0,"[0, 255, 0]",1,2,F,Covert,4
268,5,0.364806831,2,"[0, 255, 0]",1,2,F,Covert,4
269,20,0.287730783,0,"[255, 0, 0]",1,2,F,Covert,4
270,20,0.227506518,0,"[255, 0, 0]",1,2,F,Covert,4
271,15,0.215585321,2,"[255, 0, 0]",1,2,F,Covert,4
272,25,0.279001322,2,"[0, 255, 0]",1,2,F,Covert,4
273,5,0.304114416,0,"[255, 0, 0]",1,2,F,Covert,4
274,10,0.35154458,2,"[0, 255, 0]",1,2,F,Covert,4
275,30,0.320807898,2,"[0, 255, 0]",1,2,F,Covert,4
276,10,0.303200779,2,"[255, 0, 0]",1,2,F,Covert,4
277,30,0.396671957,2,"[255, 0, 0]",1,2,F,Covert,4
278,10,0.274376672,0,"[0, 255, 0]",1,2,F,Covert,4
279,20,0.309404894,0,"[255, 0, 0]",1,2,F,Covert,4
280,30,0.23289689,0,"[255, 0, 0]",1,2,F,Covert,4
281,40,0.331587036,2,"[255, 0, 0]",0,2,F,Covert,4
282,5,0.29431683,0,"[0, 255, 0]",1,2,F,Covert,4
283,0,0.233317544,2,"[255, 0, 0]",1,2,F,Covert,4
284,30,0.275601805,0,"[255, 0, 0]",1,2,F,Covert,4
285,0,0.378973666,0,"[0, 255, 0]",1,2,F,Covert,4
286,15,0.313059847,2,"[255, 0, 0]",1,2,F,Covert,4
287,20,0.30932292,0,"[255, 0, 0]",1,2,F,Covert,4
288,30,0.225474514,2,"[255, 0, 0]",1,2,F,Covert,4
289,0,0.275516018,0,"[255, 0, 0]",1,3,F,Covert,4
290,40,0.266308996,0,"[255, 255, 0]",1,3,F,Covert,4
291,5,0.256594634,0,"[255, 0, 0]",1,3,F,Covert,4
292,5,0.357591908,2,"[0, 0, 255]",1,3,F,Covert,4
293,20,0.204341176,0,"[255, 255, 0]",1,3,F,Covert,4
294,25,0.290180891,0,"[255, 255, 0]",1,3,F,Covert,4
295,10,0.218841293,0,"[0, 0, 255]",1,3,F,Covert,4
296,20,0.294405563,2,"[0, 0, 255]",1,3,F,Covert,4
297,35,0.260557908,2,"[255, 0, 0]",1,3,F,Covert,4
298,20,0.271389052,2,"[255, 255, 0]",1,3,F,Covert,4
299,0,0.283837129,0,"[255, 0, 0]",1,3,F,Covert,4
300,30,0.388838543,0,"[255, 0, 0]",1,3,F,Covert,4
301,15,0.264753291,2,"[255, 255, 0]",1,3,F,Covert,4
302,30,0.246336184,0,"[255, 255, 0]",1,3,F,Covert,4
303,0,0.216290794,0,"[0, 0, 255]",1,3,F,Covert,4
304,30,0.255699047,2,"[255, 0, 0]",1,3,F,Covert,4
305,25,0.272382824,0,"[255, 255, 0]",1,3,F,Covert,4
306,15,0.213157746,0,"[0, 0, 255]",1,3,F,Covert,4
307,25,0.360562993,2,"[255, 0, 0]",1,3,F,Covert,4
308,30,0.264409878,2,"[255, 0, 0]",1,3,F,Covert,4
309,10,0.271990565,0,"[0, 0, 255]",1,3,F,Covert,4
310,0,0.245613386,0,"[0, 0, 255]",1,3,F,Covert,4
311,5,0.256851719,2,"[255, 255, 0]",1,3,F,Covert,4
312,15,0.31937928,0,"[255, 0, 0]",1,3,F,Covert,4
313,20,0.218476736,2,"[255, 0, 0]",1,3,F,Covert,4
314,40,0.315290523,2,"[0, 0, 255]",1,3,F,Covert,4
315,35,0.257311043,0,"[255, 255, 0]",1,3,F,Covert,4
316,15,0.258139983,2,"[0, 0, 255]",1,3,F,Covert,4
317,25,0.314349344,0,"[255, 0, 0]",1,3,F,Covert,4
318,35,0.284868298,0,"[0, 0, 255]",1,3,F,Covert,4
319,25,0.302061015,0,"[0, 0, 255]",1,3,F,Covert,4
320,5,0.277480669,0,"[255, 255, 0]",1,3,F,Covert,4
321,10,0.23061685,2,"[0, 0, 255]",1,3,F,Covert,4
322,25,0.315126389,0,"[255, 0, 0]",1,3,F,Covert,4
323,0,0.276364773,2,"[255, 255, 0]",1,3,F,Covert,4
324,5,0.304779101,0,"[255, 0, 0]",1,3,F,Covert,4
325,35,0.240106923,2,"[0, 0, 255]",1,3,F,Covert,4
326,20,0.239529121,0,"[255, 255, 0]",1,3,F,Covert,4
327,40,0.277326857,0,"[255, 0, 0]",0,3,F,Covert,4
328,30,0.297470498,2,"[0, 0, 255]",1,3,F,Covert,4
329,35,0.299783427,0,"[255, 255, 0]",1,3,F,Covert,4
330,35,0.32042449,2,"[0, 0, 255]",1,3,F,Covert,4
331,40,0.309399179,0,"[0, 0, 255]",1,3,F,Covert,4
332,15,0.260992556,0,"[255, 255, 0]",1,3,F,Covert,4
333,35,0.335182582,0,"[255, 0, 0]",1,3,F,Covert,4
334,15,0.297061872,2,"[0, 0, 255]",1,3,F,Covert,4
335,20,0.300995149,2,"[255, 255, 0]",1,3,F,Covert,4
336,35,0.299485277,0,"[0, 0, 255]",1,3,F,Covert,4
337,0,0.19928226,2,"[255, 0, 0]",0,3,F,Covert,4
338,15,0.278272515,2,"[255, 255, 0]",1,3,F,Covert,4
339,20,0.25128255,2,"[0, 0, 255]",1,3,F,Covert,4
340,30,0.272255104,2,"[255, 0, 0]",1,3,F,Covert,4
341,30,0.27210054,0,"[255, 255, 0]",1,3,F,Covert,4
342,25,0.330546572,0,"[255, 0, 0]",1,3,F,Covert,4
343,5,0.2833309,2,"[255, 255, 0]",1,3,F,Covert,4
344,25,0.281156337,2,"[255, 0, 0]",1,3,F,Covert,4
345,15,0.313317438,2,"[0, 0, 255]",1,3,F,Covert,4
346,25,0.283604495,0,"[255, 0, 0]",1,3,F,Covert,4
347,30,0.279553659,2,"[255, 0, 0]",1,3,F,Covert,4
348,15,0.32606086,2,"[255, 255, 0]",1,3,F,Covert,4
349,35,0.341212911,0,"[255, 0, 0]",1,3,F,Covert,4
350,0,0.294576896,2,"[255, 0, 0]",1,3,F,Covert,4
351,20,0.274325648,2,"[255, 0, 0]",1,3,F,Covert,4
352,40,0.278386249,0,"[255, 0, 0]",1,3,F,Covert,4
353,20,0.300417951,2,"[0, 0, 255]",1,3,F,Covert,4
354,40,0.136671546,0,"[255, 0, 0]",0,3,F,Covert,4
355,30,0.340887659,0,"[255, 255, 0]",1,3,F,Covert,4
356,0,0.279408025,2,"[255, 255, 0]",1,3,F,Covert,4
357,0,0.274008562,2,"[0, 0, 255]",1,3,F,Covert,4
358,30,0.3215278,2,"[255, 0, 0]",1,3,F,Covert,4
359,35,0.333557754,0,"[0, 0, 255]",1,3,F,Covert,4
360,5,0.251764791,2,"[255, 0, 0]",1,3,F,Covert,4
361,5,0.234506689,0,"[255, 0, 0]",1,3,F,Covert,4
362,5,0.268509391,0,"[0, 0, 255]",1,3,F,Covert,4
363,30,0.410133478,2,"[255, 0, 0]",1,3,F,Covert,4
364,35,0.344762902,2,"[0, 0, 255]",1,3,F,Covert,4
365,20,0.294076485,0,"[0, 0, 255]",1,3,F,Covert,4
366,40,0.229595044,0,"[255, 255, 0]",1,3,F,Covert,4
367,25,0.275403825,2,"[255, 255, 0]",1,3,F,Covert,4
368,0,0.261599176,0,"[0, 0, 255]",1,3,F,Covert,4
369,35,0.323423392,0,"[255, 0, 0]",1,3,F,Covert,4
370,5,0.290092624,0,"[0, 0, 255]",1,3,F,Covert,4
371,25,0.241976002,2,"[255, 0, 0]",1,3,F,Covert,4
372,35,0.273258849,2,"[0, 0, 255]",1,3,F,Covert,4
373,10,0.260025663,0,"[255, 0, 0]",1,3,F,Covert,4
374,40,0.265079109,0,"[255, 255, 0]",1,3,F,Covert,4
375,25,0.288749263,0,"[255, 255, 0]",0,3,F,Covert,4
376,40,0.312405443,2,"[255, 255, 0]",1,3,F,Covert,4
377,10,0.229136673,2,"[255, 255, 0]",1,3,F,Covert,4
378,40,0.385831966,2,"[255, 0, 0]",1,3,F,Covert,4
379,5,0.280787057,2,"[255, 0, 0]",1,3,F,Covert,4
380,40,0.366520492,2,"[255, 255, 0]",1,3,F,Covert,4
381,35,0.321873597,0,"[255, 0, 0]",1,3,F,Covert,4
382,35,0.320540765,0,"[0, 0, 255]",1,3,F,Covert,4
383,35,0.285920725,2,"[255, 0, 0]",1,3,F,Covert,4
384,40,0.312994015,2,"[255, 0, 0]",1,3,F,Covert,4
385,40,0.258822828,2,"[0, 0, 255]",1,3,F,Covert,4
386,15,0.235250645,2,"[0, 0, 255]",1,3,F,Covert,4
387,40,0.333144854,2,"[255, 0, 0]",1,3,F,Covert,4
388,5,0.248561946,2,"[255, 0, 0]",1,3,F,Covert,4
389,30,0.261077245,2,"[255, 255, 0]",1,3,F,Covert,4
390,5,0.42160985,0,"[255, 0, 0]",1,3,F,Covert,4
391,5,0.213994994,2,"[0, 0, 255]",1,3,F,Covert,4
392,0,0.348694887,0,"[0, 0, 255]",1,3,F,Covert,4
393,40,0.278930026,0,"[0, 0, 255]",1,3,F,Covert,4
394,30,0.236183321,0,"[255, 0, 0]",0,3,F,Covert,4
395,30,0.324970629,0,"[0, 0, 255]",1,3,F,Covert,4
396,20,0.239737892,0,"[255, 255, 0]",1,3,F,Covert,4
397,10,0.33366294,2,"[255, 255, 0]",1,3,F,Covert,4
398,10,0.237953798,2,"[255, 0, 0]",1,3,F,Covert,4
399,15,0.297504987,0,"[0, 0, 255]",1,3,F,Covert,4
400,0,0.29118073,0,"[255, 0, 0]",1,3,F,Covert,4
401,40,0.270430292,0,"[0, 0, 255]",1,3,F,Covert,4
402,0,0.270474125,2,"[255, 0, 0]",1,3,F,Covert,4
403,10,0.283638105,0,"[0, 0, 255]",1,3,F,Covert,4
404,10,0.281267618,0,"[255, 255, 0]",1,3,F,Covert,4
405,25,0.331718967,2,"[0, 0, 255]",1,3,F,Covert,4
406,35,0.2681285,2,"[255, 255, 0]",1,3,F,Covert,4
407,30,0.287519523,0,"[255, 255, 0]",1,3,F,Covert,4
408,40,0.262248203,2,"[255, 255, 0]",1,3,F,Covert,4
409,25,0.292672821,2,"[0, 0, 255]",1,3,F,Covert,4
410,30,0.39437379,0,"[255, 0, 0]",1,3,F,Covert,4
411,25,0.29883744,2,"[0, 0, 255]",1,3,F,Covert,4
412,30,0.279202563,2,"[255, 255, 0]",1,3,F,Covert,4
413,10,0.222799611,2,"[255, 0, 0]",0,3,F,Covert,4
414,25,0.340503695,2,"[255, 255, 0]",1,3,F,Covert,4
415,25,0.336565434,2,"[255, 255, 0]",1,3,F,Covert,4
416,35,0.368643523,2,"[255, 0, 0]",1,3,F,Covert,4
417,30,0.303913723,0,"[255, 255, 0]",1,3,F,Covert,4
418,35,0.317978317,2,"[0, 0, 255]",1,3,F,Covert,4
419,5,0.295290567,0,"[0, 0, 255]",1,3,F,Covert,4
420,40,0.271331502,2,"[255, 0, 0]",1,3,F,Covert,4
421,35,0.348512287,0,"[255, 0, 0]",1,3,F,Covert,4
422,40,0.205159921,0,"[0, 0, 255]",1,3,F,Covert,4
423,20,0.363086554,2,"[0, 0, 255]",1,3,F,Covert,4
424,25,0.260675392,0,"[255, 0, 0]",1,3,F,Covert,4
425,30,0.257047311,2,"[255, 255, 0]",1,3,F,Covert,4
426,10,0.231208474,2,"[255, 0, 0]",1,3,F,Covert,4
427,0,0.250675732,0,"[0, 0, 255]",1,3,F,Covert,4
428,15,0.226087158,0,"[0, 0, 255]",1,3,F,Covert,4
429,30,0.267167538,2,"[255, 255, 0]",1,3,F,Covert,4
430,10,0.241666838,0,"[255, 255, 0]",1,3,F,Covert,4
431,15,0.214763848,0,"[255, 255, 0]",1,3,F,Covert,4
432,10,0.240493735,0,"[255, 255, 0]",1,3,F,Covert,4
433,30,0.265981833,2,"[0, 0, 255]",1,3,F,Covert,4
434,0,0.282340179,2,"[0, 0, 255]",1,3,F,Covert,4
435,15,0.306303944,2,"[255, 0, 0]",1,3,F,Covert,4
436,20,0.276270169,0,"[255, 255, 0]",1,3,F,Covert,4
437,10,0.227006831,0,"[255, 255, 0]",1,3,F,Covert,4
438,20,0.257720878,0,"[0, 0, 255]",1,3,F,Covert,4
439,15,0.276575371,2,"[255, 255, 0]",1,3,F,Covert,4
440,40,0.279876927,2,"[255, 0, 0]",1,3,F,Covert,4
441,15,0.261804532,0,"[0, 0, 255]",1,3,F,Covert,4
442,10,0.322183604,2,"[255, 255, 0]",1,3,F,Covert,4
443,5,0.302359562,2,"[0, 0, 255]",1,3,F,Covert,4
444,5,0.25543361,2,"[255, 255, 0]",1,3,F,Covert,4
445,25,0.324191786,0,"[255, 0, 0]",1,3,F,Covert,4
446,10,0.439276382,2,"[0, 0, 255]",1,3,F,Covert,4
447,10,0.249099876,2,"[0, 0, 255]",1,3,F,Covert,4
448,30,0.267679849,0,"[0, 0, 255]",1,3,F,Covert,4
449,20,0.238059982,2,"[255, 255, 0]",1,3,F,Covert,4
450,40,0.231522057,0,"[255, 255, 0]",1,3,F,Covert,4
451,20,0.259552078,2,"[255, 255, 0]",1,3,F,Covert,4
452,30,0.207443611,2,"[255, 255, 0]",1,3,F,Covert,4
453,25,0.305933938,0,"[255, 0, 0]",1,3,F,Covert,4
454,30,0.354025221,0,"[255, 255, 0]",1,3,F,Covert,4
455,10,0.310471095,0,"[0, 0, 255]",0,3,F,Covert,4
456,30,0.278564207,0,"[255, 255, 0]",1,3,F,Covert,4
457,25,0.26035749,2,"[255, 255, 0]",1,3,F,Covert,4
458,20,0.392112174,2,"[255, 0, 0]",1,3,F,Covert,4
459,0,0.27586043,2,"[255, 0, 0]",1,3,F,Covert,4
460,35,0.258858771,2,"[255, 255, 0]",1,3,F,Covert,4
461,25,0.223670844,0,"[255, 255, 0]",1,3,F,Covert,4
462,25,0.333892158,2,"[255, 0, 0]",1,3,F,Covert,4
463,15,0.272818394,2,"[255, 255, 0]",1,3,F,Covert,4
464,20,0.347601805,0,"[255, 0, 0]",1,3,F,Covert,4
465,10,0.26564404,2,"[255, 255, 0]",1,3,F,Covert,4
466,15,0.357679346,2,"[255, 0, 0]",1,3,F,Covert,4
467,10,0.264344328,2,"[255, 0, 0]",1,3,F,Covert,4
468,0,0.314850837,0,"[255, 255, 0]",1,3,F,Covert,4
469,30,0.273845152,0,"[255, 255, 0]",1,3,F,Covert,4
470,25,0.253856112,2,"[255, 0, 0]",1,3,F,Covert,4
471,25,0.295573414,2,"[255, 255, 0]",1,3,F,Covert,4
472,5,0.238730154,0,"[255, 255, 0]",1,3,F,Covert,4
473,0,0.242775311,2,"[0, 0, 255]",1,3,F,Covert,4
474,0,0.241517098,0,"[0, 0, 255]",1,3,F,Covert,4
475,35,0.265444963,0,"[255, 255, 0]",1,3,F,Covert,4
476,15,0.25034426,2,"[255, 255, 0]",1,3,F,Covert,4
477,0,0.242965533,2,"[0, 0, 255]",1,3,F,Covert,4
478,5,0.250387816,0,"[0, 0, 255]",1,3,F,Covert,4
479,10,0.232445515,2,"[255, 255, 0]",1,3,F,Covert,4
480,10,0.215319899,0,"[255, 255, 0]",1,3,F,Covert,4
481,5,0.184372114,2,"[0, 0, 255]",1,3,F,Covert,4
482,10,0.24040436,0,"[255, 255, 0]",1,3,F,Covert,4
483,40,0.265810397,2,"[0, 0, 255]",1,3,F,Covert,4
484,20,0.234303737,0,"[255, 0, 0]",0,3,F,Covert,4
485,0,0.279533416,2,"[0, 0, 255]",1,3,F,Covert,4
486,10,0.305765029,2,"[255, 255, 0]",1,3,F,Covert,4
487,15,0.264328091,2,"[255, 0, 0]",1,3,F,Covert,4
488,20,0.321449093,0,"[255, 0, 0]",1,3,F,Covert,4
489,10,0.25764371,0,"[0, 0, 255]",1,3,F,Covert,4
490,20,0.431594764,0,"[255, 0, 0]",1,3,F,Covert,4
491,5,0.274055913,0,"[0, 0, 255]",1,3,F,Covert,4
492,10,0.270997021,2,"[255, 0, 0]",1,3,F,Covert,4
493,35,0.29867895,2,"[255, 0, 0]",1,3,F,Covert,4
494,0,0.273511874,0,"[255, 0, 0]",1,3,F,Covert,4
495,0,0.356427832,2,"[0, 0, 255]",1,3,F,Covert,4
496,20,0.334592822,0,"[255, 0, 0]",1,3,F,Covert,4
497,0,0.302975126,0,"[255, 255, 0]",1,3,F,Covert,4
498,30,0.356644851,2,"[255, 255, 0]",1,3,F,Covert,4
499,30,0.252236664,0,"[255, 0, 0]",1,3,F,Covert,4
500,20,0.279046578,0,"[255, 255, 0]",1,3,F,Covert,4
501,5,0.326708133,0,"[255, 0, 0]",1,3,F,Covert,4
502,25,0.335606564,0,"[255, 0, 0]",1,3,F,Covert,4
503,25,0.433254392,0,"[0, 0, 255]",1,3,F,Covert,4
504,35,0.31740421,2,"[0, 0, 255]",1,3,F,Covert,4
505,0,0.248593164,0,"[0, 0, 255]",1,3,F,Covert,4
506,15,0.239803607,0,"[255, 255, 0]",1,3,F,Covert,4
507,35,0.318680143,0,"[255, 0, 0]",1,3,F,Covert,4
508,25,0.26839594,2,"[255, 255, 0]",1,3,F,Covert,4
509,40,0.502920077,0,"[255, 0, 0]",0,3,F,Covert,4
510,5,0.289532002,0,"[255, 0, 0]",1,3,F,Covert,4
511,0,0.306342085,0,"[0, 0, 255]",1,3,F,Covert,4
512,40,0.306757977,2,"[0, 0, 255]",1,3,F,Covert,4
513,30,0.311895511,2,"[255, 0, 0]",1,3,F,Covert,4
514,10,0.24978643,0,"[255, 255, 0]",1,3,F,Covert,4
515,5,0.240423832,0,"[255, 255, 0]",1,3,F,Covert,4
516,20,0.0304026,2,"[255, 255, 0]",1,3,F,Covert,4
517,20,0.257549321,2,"[255, 255, 0]",1,3,F,Covert,4
518,25,0.280365477,0,"[255, 0, 0]",1,3,F,Covert,4
519,40,0.263291747,0,"[255, 0, 0]",1,3,F,Covert,4
520,30,0.261470445,0,"[0, 0, 255]",1,3,F,Covert,4
521,20,0.200703254,0,"[255, 255, 0]",1,3,F,Covert,4
522,15,0.275729075,2,"[255, 0, 0]",1,3,F,Covert,4
523,40,0.263777165,0,"[255, 0, 0]",1,3,F,Covert,4
524,20,0.270977699,2,"[255, 0, 0]",1,3,F,Covert,4
525,0,0.237909081,2,"[255, 255, 0]",1,3,F,Covert,4
526,15,0.353745391,0,"[255, 0, 0]",1,3,F,Covert,4
527,0,0.235620862,0,"[255, 0, 0]",1,3,F,Covert,4
528,35,0.249887085,0,"[255, 255, 0]",1,3,F,Covert,4
529,35,0.38958264,2,"[255, 0, 0]",1,3,F,Covert,4
530,15,0.242707596,0,"[255, 255, 0]",1,3,F,Covert,4
531,5,0.261978601,2,"[255, 0, 0]",1,3,F,Covert,4
532,10,0.361613872,2,"[255, 255, 0]",1,3,F,Covert,4
533,15,0.281009045,0,"[255, 255, 0]",1,3,F,Covert,4
534,25,0.272306949,2,"[255, 0, 0]",1,3,F,Covert,4
535,5,0.299468415,2,"[255, 255, 0]",1,3,F,Covert,4
536,35,0.232775985,2,"[255, 0, 0]",1,3,F,Covert,4
537,5,0.260998434,2,"[255, 255, 0]",1,3,F,Covert,4
538,5,0.381294791,0,"[0, 0, 255]",1,3,F,Covert,4
539,5,0.311993551,2,"[255, 0, 0]",1,3,F,Covert,4
540,20,0.294132078,2,"[255, 255, 0]",1,3,F,Covert,4
541,15,0.292591307,0,"[0, 0, 255]",1,3,F,Covert,4
542,40,0.351471004,2,"[255, 255, 0]",1,3,F,Covert,4
543,5,0.309086026,2,"[255, 0, 0]",1,3,F,Covert,4
544,15,0.267340388,2,"[0, 0, 255]",1,3,F,Covert,4
545,0,0.399109271,2,"[0, 0, 255]",1,3,F,Covert,4
546,10,0.231247234,0,"[0, 0, 255]",1,3,F,Covert,4
547,15,0.172050912,0,"[255, 0, 0]",0,3,F,Covert,4
548,40,0.281795713,0,"[255, 0, 0]",1,3,F,Covert,4
549,35,0.323883808,0,"[255, 0, 0]",1,3,F,Covert,4
550,20,0.270600613,0,"[0, 0, 255]",1,3,F,Covert,4
551,20,0.366914883,0,"[0, 0, 255]",1,3,F,Covert,4
552,15,0.326542865,0,"[0, 0, 255]",1,3,F,Covert,4
553,35,0.413305145,2,"[0, 0, 255]",1,3,F,Covert,4
554,0,0.297897516,2,"[255, 255, 0]",1,3,F,Covert,4
555,40,0.301619742,2,"[0, 0, 255]",1,3,F,Covert,4
556,10,0.22026475,0,"[0, 0, 255]",1,3,F,Covert,4
557,15,0.349558351,0,"[255, 0, 0]",1,3,F,Covert,4
558,40,0.290123257,2,"[255, 0, 0]",1,3,F,Covert,4