Color,Direction,Eccentricity (degrees),Reaction Time (s),Correctness,1/2/3 Colors,Trial,Name,Attention,Circle Size (degrees)
"[255, 0, 0]",0,20,0.2205787,1,1,1,L,Overt,4
"[255, 0, 0]",0,0,0.2238531,1,1,2,L,Overt,4
"[255, 0, 0]",0,35,0.2548487,1,1,3,L,Overt,4
"[255, 0, 0]",0,10,0.4068983,1,1,4,L,Overt,4
"[255, 0, 0]",0,5,0.3629944,1,1,5,L,Overt,4
"[255, 0, 0]",0,10,0.3974215,1,1,6,L,Overt,4
"[255, 0, 0]",0,30,0.4127553,1,1,7,L,Overt,4
"[255, 0, 0]",0,10,0.2848627,1,1,8,L,Overt,4
"[255, 0, 0]",0,35,0.5166472,1,1,9,L,Overt,4
"[255, 0, 0]",0,30,0.405382,1,1,10,L,Overt,4
"[255, 0, 0]",0,25,0.4805054,1,1,11,L,Overt,4
"[255, 0, 0]",0,15,0.3272402,1,1,12,L,Overt,4
"[255, 0, 0]",0,30,0.3305774,1,1,13,L,Overt,4
"[255, 0, 0]",0,15,0.3922573,1,1,14,L,Overt,4
"[255, 0, 0]",0,40,0.4952652,1,1,15,L,Overt,4
"[255, 0, 0]",0,30,0.4812555,1,1,16,L,Overt,4
"[255, 0, 0]",0,15,0.1855307,1,1,17,L,Overt,4
"[255, 0, 0]",0,20,0.3600539,1,1,18,L,Overt,4
"[255, 0, 0]",0,40,0.3841982,1,1,19,L,Overt,4
"[255, 0, 0]",0,0,0.289128,1,1,20,L,Overt,4
"[255, 0, 0]",0,20,0.1877463,1,1,21,L,Overt,4
"[255, 0, 0]",0,5,0.2178071,1,1,22,L,Overt,4
"[255, 0, 0]",0,40,0.3974786,1,1,23,L,Overt,4
"[255, 0, 0]",0,40,0.4513534,1,1,24,L,Overt,4
"[255, 0, 0]",0,10,0.259867,1,1,25,L,Overt,4
"[255, 0, 0]",0,20,0.2028906,1,1,26,L,Overt,4
"[255, 0, 0]",0,25,0.2395505,1,1,27,L,Overt,4
"[255, 0, 0]",0,15,0.2150398,1,1,28,L,Overt,4
"[255, 0, 0]",0,0,0.3054145,1,1,29,L,Overt,4
"[255, 0, 0]",0,5,0.243154,1,1,30,L,Overt,4
"[255, 0, 0]",0,5,0.303985,1,1,31,L,Overt,4
"[255, 0, 0]",0,25,0.4076612,1,1,32,L,Overt,4
"[255, 0, 0]",0,25,0.2567382,1,1,33,L,Overt,4
"[255, 0, 0]",0,0,0.2914179,1,1,34,L,Overt,4
"[255, 0, 0]",0,35,0.1940553,1,1,35,L,Overt,4
"[255, 0, 0]",0,35,0.2718786,1,1,36,L,Overt,4
"[0, 255, 0]",0,20,0.293111,1,2,37,L,Overt,4
"[0, 255, 0]",0,20,0.632482,1,2,38,L,Overt,4
"[0, 255, 0]",0,40,0.4254093,1,2,39,L,Overt,4
"[0, 255, 0]",0,0,0.4848083,1,2,40,L,Overt,4
"[0, 255, 0]",0,20,0.341728,1,2,41,L,Overt,4
"[0, 255, 0]",0,40,0.2904406,1,2,42,L,Overt,4
"[255, 0, 0]",0,30,0.5170739,1,2,43,L,Overt,4
"[255, 0, 0]",0,25,0.5305984,1,2,44,L,Overt,4
"[0, 255, 0]",0,0,0.5104238,1,2,45,L,Overt,4
"[0, 255, 0]",0,10,0.6614024,1,2,46,L,Overt,4
"[0, 255, 0]",0,15,0.5917952,1,2,47,L,Overt,4
"[255, 0, 0]",0,25,0.4855006,1,2,48,L,Overt,4
"[0, 255, 0]",0,40,0.6151491,1,2,49,L,Overt,4
"[255, 0, 0]",0,0,0.3504015,1,2,50,L,Overt,4
"[255, 0, 0]",0,0,0.3525433,1,2,51,L,Overt,4
"[255, 0, 0]",0,5,0.3140698,1,2,52,L,Overt,4
"[255, 0, 0]",0,20,0.3387494,1,2,53,L,Overt,4
"[255, 0, 0]",0,10,0.2840294,1,2,54,L,Overt,4
"[255, 0, 0]",0,40,0.4014113,1,2,55,L,Overt,4
"[255, 0, 0]",0,0,0.3683601,1,2,56,L,Overt,4
"[255, 0, 0]",0,5,0.2882064,1,2,57,L,Overt,4
"[255, 0, 0]",0,15,0.2947553,1,2,58,L,Overt,4
"[0, 255, 0]",0,20,0.5315572,1,2,59,L,Overt,4
"[0, 255, 0]",0,0,0.3087781,1,2,60,L,Overt,4
"[255, 0, 0]",0,15,1.2452436,1,2,61,L,Overt,4
"[0, 255, 0]",0,40,0.5948523,1,2,62,L,Overt,4
"[255, 0, 0]",0,35,0.5479684,1,2,63,L,Overt,4
"[255, 0, 0]",0,10,0.4141284,1,2,64,L,Overt,4
"[0, 255, 0]",0,40,0.404743,1,2,65,L,Overt,4
"[255, 0, 0]",0,30,0.6077385,1,2,66,L,Overt,4
"[255, 0, 0]",0,35,0.7575677,1,2,67,L,Overt,4
"[0, 255, 0]",0,10,0.5628569,1,2,68,L,Overt,4
"[255, 0, 0]",0,0,0.5332705,1,2,69,L,Overt,4
"[0, 255, 0]",0,35,0.5852984,1,2,70,L,Overt,4
"[0, 255, 0]",0,35,0.4818446,1,2,71,L,Overt,4
"[255, 0, 0]",0,10,0.5999064,1,2,72,L,Overt,4
"[0, 255, 0]",0,30,0.3874616,1,2,73,L,Overt,4
"[0, 255, 0]",0,15,0.6402817,1,2,74,L,Overt,4
"[255, 0, 0]",0,0,0.4739865,1,2,75,L,Overt,4
"[255, 0, 0]",0,15,0.4288619,1,2,76,L,Overt,4
"[0, 255, 0]",0,20,0.5206107,1,2,77,L,Overt,4
"[0, 255, 0]",0,10,0.4219338,1,2,78,L,Overt,4
"[0, 255, 0]",0,5,0.3750015,1,2,79,L,Overt,4
"[0, 255, 0]",0,30,0.4550754,1,2,80,L,Overt,4
"[0, 255, 0]",0,5,0.3965107,1,2,81,L,Overt,4
"[0, 255, 0]",0,30,0.7238947,1,2,82,L,Overt,4
"[255, 0, 0]",0,5,0.5825004,1,2,83,L,Overt,4
"[255, 0, 0]",0,35,1.1858405,1,2,84,L,Overt,4
"[255, 0, 0]",0,35,0.5126399,1,2,85,L,Overt,4
"[0, 255, 0]",0,25,0.4925348,1,2,86,L,Overt,4
"[255, 0, 0]",0,20,0.4117564,1,2,87,L,Overt,4
"[255, 0, 0]",0,25,0.5742555,1,2,88,L,Overt,4
"[255, 0, 0]",0,40,0.405353,1,2,89,L,Overt,4
"[0, 255, 0]",0,15,0.4270656,1,2,90,L,Overt,4
"[0, 255, 0]",0,0,0.8155852,1,2,91,L,Overt,4
"[0, 255, 0]",0,25,0.5324082,1,2,92,L,Overt,4
"[0, 255, 0]",0,10,0.4985434,1,2,93,L,Overt,4
"[0, 255, 0]",0,30,0.4973982,1,2,94,L,Overt,4
"[255, 0, 0]",0,10,0.6493055,1,2,95,L,Overt,4
"[255, 0, 0]",0,25,0.5819004,1,2,96,L,Overt,4
"[255, 0, 0]",0,35,1.2164095,1,2,97,L,Overt,4
"[255, 0, 0]",0,15,0.3898496,1,2,98,L,Overt,4
"[255, 0, 0]",0,40,0.6189711,1,2,99,L,Overt,4
"[0, 255, 0]",0,0,0.492362,1,2,100,L,Overt,4
"[255, 0, 0]",0,40,0.4089372,1,2,101,L,Overt,4
"[255, 0, 0]",0,35,0.3740898,1,2,102,L,Overt,4
"[0, 255, 0]",0,30,0.4827503,1,2,103,L,Overt,4
"[0, 255, 0]",0,15,0.2680332,1,2,104,L,Overt,4
"[0, 255, 0]",0,25,0.497485,1,2,105,L,Overt,4
"[255, 0, 0]",0,30,0.5032389,1,2,106,L,Overt,4
"[255, 0, 0]",0,15,1.0198753,1,2,107,L,Overt,4
"[0, 255, 0]",0,0,0.3908109,1,2,108,L,Overt,4
"[255, 0, 0]",0,40,0.5324055,1,2,109,L,Overt,4
"[255, 0, 0]",0,5,0.3387575,1,2,110,L,Overt,4
"[0, 255, 0]",0,10,0.405827,1,2,111,L,Overt,4
"[0, 255, 0]",0,20,1.1038916,1,2,112,L,Overt,4
"[0, 255, 0]",0,20,0.2762586,1,2,113,L,Overt,4
"[255, 0, 0]",0,15,0.4767218,1,2,114,L,Overt,4
"[0, 255, 0]",0,25,0.4501687,1,2,115,L,Overt,4
"[255, 0, 0]",0,40,0.5647613,1,2,116,L,Overt,4
"[255, 0, 0]",0,25,0.4706042,1,2,117,L,Overt,4
"[255, 0, 0]",0,35,0.3750551,1,2,118,L,Overt,4
"[255, 0, 0]",0,5,0.2366012,1,2,119,L,Overt,4
"[255, 0, 0]",0,30,0.2650017,1,2,120,L,Overt,4
"[0, 255, 0]",0,20,0.3500119,1,2,121,L,Overt,4
"[0, 255, 0]",0,25,0.214281,1,2,122,L,Overt,4
"[0, 255, 0]",0,5,0.426658,1,2,123,L,Overt,4
"[0, 255, 0]",0,10,0.361648,1,2,124,L,Overt,4
"[255, 0, 0]",0,40,0.8705468,1,2,125,L,Overt,4
"[255, 0, 0]",0,15,0.4560712,1,2,126,L,Overt,4
"[0, 255, 0]",0,20,0.380919,1,2,127,L,Overt,4
"[255, 0, 0]",0,5,0.6490666,1,2,128,L,Overt,4
"[0, 255, 0]",0,15,0.5306854,1,2,129,L,Overt,4
"[255, 0, 0]",0,0,0.4853681,1,2,130,L,Overt,4
"[255, 0, 0]",0,25,0.4028843,1,2,131,L,Overt,4
"[0, 255, 0]",0,25,0.326344,1,2,132,L,Overt,4
"[0, 255, 0]",0,35,0.2650194,1,2,133,L,Overt,4
"[0, 255, 0]",0,30,0.3124765,1,2,134,L,Overt,4
"[255, 0, 0]",0,35,0.364438,1,2,135,L,Overt,4
"[0, 255, 0]",0,35,0.4033149,1,2,136,L,Overt,4
"[0, 255, 0]",0,20,0.4590636,1,2,137,L,Overt,4
"[0, 255, 0]",0,30,0.4837275,1,2,138,L,Overt,4
"[0, 255, 0]",0,30,0.5574999,1,2,139,L,Overt,4
"[0, 255, 0]",0,10,0.3316713,1,2,140,L,Overt,4
"[0, 255, 0]",0,5,0.383573,1,2,141,L,Overt,4
"[255, 0, 0]",0,10,0.413566,1,2,142,L,Overt,4
"[0, 255, 0]",0,5,0.5892478,1,2,143,L,Overt,4
"[0, 255, 0]",0,5,0.4840377,1,2,144,L,Overt,4
"[0, 0, 255]",0,5,0.7144817,1,3,145,L,Overt,4
"[255, 255, 0]",0,10,0.4130666,1,3,146,L,Overt,4
"[255, 0, 0]",0,25,0.5128416,1,3,147,L,Overt,4
"[255, 0, 0]",0,5,0.4182798,1,3,148,L,Overt,4
"[255, 255, 0]",0,25,0.5577629,1,3,149,L,Overt,4
"[255, 0, 0]",0,5,0.3293316,1,3,150,L,Overt,4
"[255, 255, 0]",0,20,0.4939449,1,3,151,L,Overt,4
"[255, 255, 0]",0,0,0.4080454,1,3,152,L,Overt,4
"[255, 255, 0]",0,30,0.4748469,1,3,153,L,Overt,4
"[255, 0, 0]",0,0,0.3617965,1,3,154,L,Overt,4
"[255, 255, 0]",0,25,0.3700317,1,3,155,L,Overt,4
"[0, 0, 255]",0,25,0.4835757,1,3,156,L,Overt,4
"[255, 0, 0]",0,5,0.4233873,1,3,157,L,Overt,4
"[255, 0, 0]",0,20,0.2856868,1,3,158,L,Overt,4
"[255, 0, 0]",0,0,0.4671717,1,3,159,L,Overt,4
"[255, 255, 0]",0,25,0.4030385,1,3,160,L,Overt,4
"[255, 255, 0]",0,15,0.4730284,1,3,161,L,Overt,4
"[0, 0, 255]",0,0,0.4474138,1,3,162,L,Overt,4
"[0, 0, 255]",0,40,0.4875228,1,3,163,L,Overt,4
"[255, 255, 0]",0,15,0.4205262,1,3,164,L,Overt,4
"[255, 255, 0]",0,30,0.4467543,1,3,165,L,Overt,4
"[255, 255, 0]",0,40,0.4266793,1,3,166,L,Overt,4
"[0, 0, 255]",0,25,0.5549156,1,3,167,L,Overt,4
"[255, 255, 0]",0,5,0.2703053,1,3,168,L,Overt,4
"[255, 255, 0]",0,30,0.2405216,1,3,169,L,Overt,4
"[255, 255, 0]",0,15,0.339178,1,3,170,L,Overt,4
"[0, 0, 255]",0,0,0.4820991,1,3,171,L,Overt,4
"[255, 255, 0]",0,0,0.3630789,1,3,172,L,Overt,4
"[255, 0, 0]",0,15,0.3845483,1,3,173,L,Overt,4
"[255, 0, 0]",0,25,0.4438188,1,3,174,L,Overt,4
"[0, 0, 255]",0,10,0.3630924,1,3,175,L,Overt,4
"[0, 0, 255]",0,25,0.3013819,1,3,176,L,Overt,4
"[255, 0, 0]",0,10,0.429397,1,3,177,L,Overt,4
"[0, 0, 255]",0,40,0.3428136,1,3,178,L,Overt,4
"[0, 0, 255]",0,35,0.2816768,1,3,179,L,Overt,4
"[255, 0, 0]",0,5,0.49236,1,3,180,L,Overt,4
"[255, 0, 0]",0,15,0.3696177,1,3,181,L,Overt,4
"[0, 0, 255]",0,15,0.4257499,1,3,182,L,Overt,4
"[0, 0, 255]",0,15,0.3686921,1,3,183,L,Overt,4
"[255, 255, 0]",0,35,0.4186954,1,3,184,L,Overt,4
"[255, 0, 0]",0,25,0.5664288,1,3,185,L,Overt,4
"[0, 0, 255]",0,40,0.3271094,1,3,186,L,Overt,4
"[0, 0, 255]",0,30,0.4324856,1,3,187,L,Overt,4
"[255, 0, 0]",0,10,0.3855975,1,3,188,L,Overt,4
"[255, 0, 0]",0,30,0.4581952,1,3,189,L,Overt,4
"[255, 0, 0]",0,10,0.5044387,1,3,190,L,Overt,4
"[255, 0, 0]",0,10,0.4006916,1,3,191,L,Overt,4
"[255, 255, 0]",0,35,0.9472686,1,3,192,L,Overt,4
"[255, 255, 0]",0,10,0.2815784,1,3,193,L,Overt,4
"[255, 0, 0]",0,5,0.4194551,1,3,194,L,Overt,4
"[255, 0, 0]",0,40,0.5780207,1,3,195,L,Overt,4
"[0, 0, 255]",0,35,0.4870495,1,3,196,L,Overt,4
"[255, 255, 0]",0,10,0.4904911,1,3,197,L,Overt,4
"[255, 255, 0]",0,25,0.2559373,1,3,198,L,Overt,4
"[0, 0, 255]",0,40,0.8293731,1,3,199,L,Overt,4
"[0, 0, 255]",0,0,0.4893916,1,3,200,L,Overt,4
"[0, 0, 255]",0,15,0.3936417,1,3,201,L,Overt,4
"[0, 0, 255]",0,30,0.5110373,1,3,202,L,Overt,4
"[255, 0, 0]",0,40,0.4278597,1,3,203,L,Overt,4
"[255, 255, 0]",0,40,0.6257025,1,3,204,L,Overt,4
"[255, 255, 0]",0,30,0.3720362,1,3,205,L,Overt,4
"[255, 255, 0]",0,10,0.4596455,1,3,206,L,Overt,4
"[255, 0, 0]",0,0,0.4261573,1,3,207,L,Overt,4
"[255, 0, 0]",0,10,0.5237713,1,3,208,L,Overt,4
"[255, 255, 0]",0,25,0.6704129,1,3,209,L,Overt,4
"[255, 255, 0]",0,5,0.3510959,1,3,210,L,Overt,4
"[0, 0, 255]",0,40,0.7905936,1,3,211,L,Overt,4
"[255, 255, 0]",0,30,0.5295199,1,3,212,L,Overt,4
"[255, 0, 0]",0,25,0.5292788,1,3,213,L,Overt,4
"[255, 0, 0]",0,35,0.8342206,1,3,214,L,Overt,4
"[0, 0, 255]",0,5,0.6119224,1,3,215,L,Overt,4
"[255, 0, 0]",0,35,0.6901117,1,3,216,L,Overt,4
"[255, 0, 0]",0,40,0.5706237,1,3,217,L,Overt,4
"[255, 255, 0]",0,30,0.4863024,1,3,218,L,Overt,4
"[255, 255, 0]",0,15,0.3585812,1,3,219,L,Overt,4
"[255, 0, 0]",0,25,0.5918947,1,3,220,L,Overt,4
"[255, 0, 0]",0,20,0.5775978,1,3,221,L,Overt,4
"[255, 0, 0]",0,15,0.5745928,1,3,222,L,Overt,4
"[255, 255, 0]",0,35,0.4131575,1,3,223,L,Overt,4
"[255, 255, 0]",0,35,0.4473625,1,3,224,L,Overt,4
"[255, 255, 0]",0,5,0.6480286,1,3,225,L,Overt,4
"[255, 0, 0]",0,20,0.4410369,1,3,226,L,Overt,4
"[0, 0, 255]",0,5,0.3914083,1,3,227,L,Overt,4
"[255, 0, 0]",0,15,0.5868563,1,3,228,L,Overt,4
"[255, 255, 0]",0,0,0.4727787,1,3,229,L,Overt,4
"[255, 255, 0]",0,20,0.3744242,1,3,230,L,Overt,4
"[0, 0, 255]",0,5,0.4241967,1,3,231,L,Overt,4
"[255, 0, 0]",0,20,0.4420861,1,3,232,L,Overt,4
"[255, 0, 0]",0,20,0.5555302,1,3,233,L,Overt,4
"[0, 0, 255]",0,25,0.6107488,1,3,234,L,Overt,4
"[255, 255, 0]",0,35,0.2605548,1,3,235,L,Overt,4
"[255, 255, 0]",0,35,0.2564145,1,3,236,L,Overt,4
"[0, 0, 255]",0,35,0.6900295,1,3,237,L,Overt,4
"[255, 0, 0]",0,15,0.4485013,1,3,238,L,Overt,4
"[255, 255, 0]",0,0,0.4109991,1,3,239,L,Overt,4
"[255, 255, 0]",0,40,0.3646514,1,3,240,L,Overt,4
"[255, 255, 0]",0,10,0.3208726,1,3,241,L,Overt,4
"[255, 255, 0]",0,30,0.3093707,1,3,242,L,Overt,4
"[0, 0, 255]",0,0,0.3971288,1,3,243,L,Overt,4
"[0, 0, 255]",0,40,0.4524482,1,3,244,L,Overt,4
"[255, 0, 0]",0,30,0.4216725,1,3,245,L,Overt,4
"[255, 0, 0]",0,30,0.3774236,1,3,246,L,Overt,4
"[255, 255, 0]",0,0,0.3245079,1,3,247,L,Overt,4
"[0, 0, 255]",0,20,0.4671785,1,3,248,L,Overt,4
"[0, 0, 255]",0,20,0.3718762,1,3,249,L,Overt,4
"[0, 0, 255]",0,10,0.2976651,1,3,250,L,Overt,4
"[255, 0, 0]",0,40,0.5279334,1,3,251,L,Overt,4
"[255, 255, 0]",0,40,0.4915333,1,3,252,L,Overt,4
"[255, 255, 0]",0,30,0.409728,1,3,253,L,Overt,4
"[255, 255, 0]",0,40,0.468584,1,3,254,L,Overt,4
"[0, 0, 255]",0,35,0.2986796,1,3,255,L,Overt,4
"[255, 0, 0]",0,10,0.6845266,1,3,256,L,Overt,4
"[0, 0, 255]",0,15,0.4141954,1,3,257,L,Overt,4
"[255, 255, 0]",0,10,0.4049213,1,3,258,L,Overt,4
"[255, 0, 0]",0,20,0.563882,1,3,259,L,Overt,4
"[255, 0, 0]",0,0,0.5440162,1,3,260,L,Overt,4
"[0, 0, 255]",0,5,0.4384513,1,3,261,L,Overt,4
"[255, 255, 0]",0,10,0.4823984,1,3,262,L,Overt,4
"[0, 0, 255]",0,20,0.4738026,1,3,263,L,Overt,4
"[0, 0, 255]",0,15,0.4508246,1,3,264,L,Overt,4
"[0, 0, 255]",0,20,0.2452011,1,3,265,L,Overt,4
"[255, 255, 0]",0,15,0.4024581,1,3,266,L,Overt,4
"[0, 0, 255]",0,35,0.5358414,1,3,267,L,Overt,4
"[0, 0, 255]",0,0,0.5753534,1,3,268,L,Overt,4
"[255, 255, 0]",0,20,0.4825694,1,3,269,L,Overt,4
"[255, 0, 0]",0,25,0.3274257,1,3,270,L,Overt,4
"[0, 0, 255]",0,30,0.2612297,1,3,271,L,Overt,4
"[255, 255, 0]",0,30,0.3106628,1,3,272,L,Overt,4
"[255, 0, 0]",0,20,0.4758705,1,3,273,L,Overt,4
"[0, 0, 255]",0,0,0.3143199,1,3,274,L,Overt,4
"[0, 0, 255]",0,35,0.3329454,1,3,275,L,Overt,4
"[255, 0, 0]",0,5,0.3140597,1,3,276,L,Overt,4
"[0, 0, 255]",0,5,0.57198,0,3,277,L,Overt,4
"[255, 0, 0]",0,20,0.4680437,1,3,278,L,Overt,4
"[255, 0, 0]",0,35,0.4847118,1,3,279,L,Overt,4
"[255, 0, 0]",2,5,0.2145875,1,1,280,L,Overt,4
"[255, 0, 0]",2,20,0.3574861,1,1,281,L,Overt,4
"[255, 0, 0]",2,25,0.3539548,1,1,282,L,Overt,4
"[255, 0, 0]",2,5,0.2647991,1,1,283,L,Overt,4
"[255, 0, 0]",2,30,0.2466265,1,1,284,L,Overt,4
"[255, 0, 0]",2,25,0.5413024,1,1,285,L,Overt,4
"[255, 0, 0]",2,10,0.425938,1,1,286,L,Overt,4
"[255, 0, 0]",2,15,0.1561889,1,1,287,L,Overt,4
"[255, 0, 0]",2,40,0.3033301,1,1,288,L,Overt,4
"[255, 0, 0]",2,5,0.3064504,1,1,289,L,Overt,4
"[255, 0, 0]",2,10,1.0689059,1,1,290,L,Overt,4
"[255, 0, 0]",2,40,0.3427211,1,1,291,L,Overt,4
"[255, 0, 0]",2,10,0.4223488,1,1,292,L,Overt,4
"[255, 0, 0]",2,0,0.7394241,1,1,293,L,Overt,4
"[255, 0, 0]",2,40,0.4402732,1,1,294,L,Overt,4
"[255, 0, 0]",2,30,0.9590337,1,1,295,L,Overt,4
"[255, 0, 0]",2,0,0.2354264,1,1,296,L,Overt,4
"[255, 0, 0]",2,0,0.2151643,1,1,297,L,Overt,4
"[255, 0, 0]",2,25,0.537784,1,1,298,L,Overt,4
"[255, 0, 0]",2,35,0.122455,1,1,299,L,Overt,4
"[255, 0, 0]",2,20,0.1155004,1,1,300,L,Overt,4
"[255, 0, 0]",2,35,0.1721859,1,1,301,L,Overt,4
"[255, 0, 0]",2,20,0.4978131,1,1,302,L,Overt,4
"[255, 0, 0]",2,40,0.2069231,1,1,303,L,Overt,4
"[255, 0, 0]",2,35,0.1885863,1,1,304,L,Overt,4
"[255, 0, 0]",2,0,0.2951972,1,1,305,L,Overt,4
"[255, 0, 0]",2,5,0.3342126,1,1,306,L,Overt,4
"[255, 0, 0]",2,30,0.249269,1,1,307,L,Overt,4
"[255, 0, 0]",2,10,0.1991689,1,1,308,L,Overt,4
"[255, 0, 0]",2,25,0.1644774,1,1,309,L,Overt,4
"[255, 0, 0]",2,15,0.2342359,1,1,310,L,Overt,4
"[255, 0, 0]",2,15,0.1930014,1,1,311,L,Overt,4
"[255, 0, 0]",2,30,0.2570331,1,1,312,L,Overt,4
"[255, 0, 0]",2,20,0.2575456,1,1,313,L,Overt,4
"[255, 0, 0]",2,15,0.1922618,1,1,314,L,Overt,4
"[255, 0, 0]",2,35,0.2064792,1,1,315,L,Overt,4
"[255, 0, 0]",2,0,0.4274992,1,2,316,L,Overt,4
"[255, 0, 0]",2,5,0.2534166,1,2,317,L,Overt,4
"[0, 255, 0]",2,30,0.2723658,1,2,318,L,Overt,4
"[0, 255, 0]",2,25,0.5005295,1,2,319,L,Overt,4
"[0, 255, 0]",2,40,0.3968951,1,2,320,L,Overt,4
"[0, 255, 0]",2,30,0.3786729,1,2,321,L,Overt,4
"[255, 0, 0]",2,5,0.3442855,1,2,322,L,Overt,4
"[0, 255, 0]",2,20,0.3475216,1,2,323,L,Overt,4
"[255, 0, 0]",2,15,0.3290603,1,2,324,L,Overt,4
"[255, 0, 0]",2,35,0.4095174,1,2,325,L,Overt,4
"[0, 255, 0]",2,20,0.3573286,1,2,326,L,Overt,4
"[0, 255, 0]",2,35,0.330485,1,2,327,L,Overt,4
"[255, 0, 0]",2,30,0.3001369,1,2,328,L,Overt,4
"[255, 0, 0]",2,0,0.3636428,1,2,329,L,Overt,4
"[255, 0, 0]",2,20,0.2351969,1,2,330,L,Overt,4
"[0, 255, 0]",2,5,0.337779,1,2,331,L,Overt,4
"[0, 255, 0]",2,35,0.4164021,1,2,332,L,Overt,4
"[0, 255, 0]",2,25,0.2807131,1,2,333,L,Overt,4
"[0, 255, 0]",2,25,0.285761,1,2,334,L,Overt,4
"[0, 255, 0]",2,40,0.4065221,1,2,335,L,Overt,4
"[0, 255, 0]",2,35,0.3451533,1,2,336,L,Overt,4
"[0, 255, 0]",2,35,0.3431658,1,2,337,L,Overt,4
"[0, 255, 0]",2,25,0.3609656,1,2,338,L,Overt,4
"[255, 0, 0]",2,5,0.6256636,1,2,339,L,Overt,4
"[0, 255, 0]",2,25,0.3621035,1,2,340,L,Overt,4
"[0, 255, 0]",2,10,0.3996631,1,2,341,L,Overt,4
"[255, 0, 0]",2,15,0.4676046,1,2,342,L,Overt,4
"[255, 0, 0]",2,5,0.4182298,1,2,343,L,Overt,4
"[255, 0, 0]",2,30,0.4799423,1,2,344,L,Overt,4
"[255, 0, 0]",2,20,0.4667932,1,2,345,L,Overt,4
"[0, 255, 0]",2,40,0.3530026,1,2,346,L,Overt,4
"[0, 255, 0]",2,5,0.381103,1,2,347,L,Overt,4
"[0, 255, 0]",2,30,0.3423657,1,2,348,L,Overt,4
"[255, 0, 0]",2,5,0.3698645,1,2,349,L,Overt,4
"[0, 255, 0]",2,40,0.523735,1,2,350,L,Overt,4
"[255, 0, 0]",2,5,0.4195496,1,2,351,L,Overt,4
"[255, 0, 0]",2,0,0.4295797,1,2,352,L,Overt,4
"[0, 255, 0]",2,30,0.3704156,1,2,353,L,Overt,4
"[0, 255, 0]",2,15,0.5304222,1,2,354,L,Overt,4
"[255, 0, 0]",2,10,0.4331062,1,2,355,L,Overt,4
"[255, 0, 0]",2,30,0.2282869,1,2,356,L,Overt,4
"[0, 255, 0]",2,15,0.5003844,1,2,357,L,Overt,4
"[0, 255, 0]",2,20,0.4487769,1,2,358,L,Overt,4
"[255, 0, 0]",2,35,1.0452154,1,2,359,L,Overt,4
"[0, 255, 0]",2,40,0.3877419,1,2,360,L,Overt,4
"[255, 0, 0]",2,20,0.4946454,1,2,361,L,Overt,4
"[0, 255, 0]",2,10,0.4002921,1,2,362,L,Overt,4
"[255, 0, 0]",2,20,0.318529,1,2,363,L,Overt,4
"[255, 0, 0]",2,0,0.4401435,1,2,364,L,Overt,4
"[255, 0, 0]",2,0,0.4285413,1,2,365,L,Overt,4
"[0, 255, 0]",2,20,0.3741087,1,2,366,L,Overt,4
"[255, 0, 0]",2,40,0.3136433,1,2,367,L,Overt,4
"[255, 0, 0]",2,20,0.3313936,1,2,368,L,Overt,4
"[0, 255, 0]",2,15,0.2930335,1,2,369,L,Overt,4
"[0, 255, 0]",2,35,0.4391492,1,2,370,L,Overt,4
"[255, 0, 0]",2,35,0.5428406,1,2,371,L,Overt,4
"[255, 0, 0]",2,20,0.4197553,1,2,372,L,Overt,4
"[0, 255, 0]",2,25,0.3228645,1,2,373,L,Overt,4
"[0, 255, 0]",2,30,0.3898637,1,2,374,L,Overt,4
"[255, 0, 0]",2,5,0.3547001,1,2,375,L,Overt,4
"[255, 0, 0]",2,40,0.4784587,1,2,376,L,Overt,4
"[0, 255, 0]",2,20,0.3089144,1,2,377,L,Overt,4
"[255, 0, 0]",2,0,0.4425328,1,2,378,L,Overt,4
"[0, 255, 0]",2,35,0.3951822,1,2,379,L,Overt,4
"[0, 255, 0]",2,10,0.4653238,1,2,380,L,Overt,4
"[0, 255, 0]",2,40,0.4827995,1,2,381,L,Overt,4
"[255, 0, 0]",2,25,0.4333126,1,2,382,L,Overt,4
"[255, 0, 0]",2,30,0.3888872,1,2,383,L,Overt,4
"[0, 255, 0]",2,10,0.2666495,1,2,384,L,Overt,4
"[255, 0, 0]",2,0,0.3212719,1,2,385,L,Overt,4
"[0, 255, 0]",2,30,0.4002567,1,2,386,L,Overt,4
"[0, 255, 0]",2,0,0.4478329,1,2,387,L,Overt,4
"[0, 255, 0]",2,25,0.4888581,1,2,388,L,Overt,4
"[0, 255, 0]",2,5,0.4613571,1,2,389,L,Overt,4
"[255, 0, 0]",2,40,0.3549238,1,2,390,L,Overt,4
"[255, 0, 0]",2,20,0.5765621,1,2,391,L,Overt,4
"[0, 255, 0]",2,0,0.4352667,1,2,392,L,Overt,4
"[255, 0, 0]",2,15,0.3799936,1,2,393,L,Overt,4
"[255, 0, 0]",2,25,0.4508228,1,2,394,L,Overt,4
"[0, 255, 0]",2,15,0.4336514,1,2,395,L,Overt,4
"[0, 255, 0]",2,10,0.417051,1,2,396,L,Overt,4
"[255, 0, 0]",2,0,0.4199348,1,2,397,L,Overt,4
"[255, 0, 0]",2,0,0.4182936,1,2,398,L,Overt,4
"[0, 255, 0]",2,35,0.4488483,1,2,399,L,Overt,4
"[255, 0, 0]",2,10,0.3070664,1,2,400,L,Overt,4
"[0, 255, 0]",2,15,0.4662166,1,2,401,L,Overt,4
"[0, 255, 0]",2,30,0.3549821,1,2,402,L,Overt,4
"[0, 255, 0]",2,35,0.3539031,1,2,403,L,Overt,4
"[255, 0, 0]",2,10,0.4367653,1,2,404,L,Overt,4
"[0, 255, 0]",2,25,0.3235441,1,2,405,L,Overt,4
"[255, 0, 0]",2,40,0.6532993,1,2,406,L,Overt,4
"[0, 255, 0]",2,40,0.4313884,1,2,407,L,Overt,4
"[0, 255, 0]",2,25,0.3694608,1,2,408,L,Overt,4
"[255, 0, 0]",2,10,0.3611463,1,2,409,L,Overt,4
"[255, 0, 0]",2,10,0.5226769,1,2,410,L,Overt,4
"[255, 0, 0]",2,15,0.440454,1,2,411,L,Overt,4
"[0, 255, 0]",2,10,0.3038821,1,2,412,L,Overt,4
"[255, 0, 0]",2,0,0.3249866,1,2,413,L,Overt,4
"[0, 255, 0]",2,40,0.4468995,1,2,414,L,Overt,4
"[255, 0, 0]",2,10,0.4592297,1,2,415,L,Overt,4
"[0, 255, 0]",2,35,0.344494,1,2,416,L,Overt,4
"[0, 255, 0]",2,5,0.3455036,1,2,417,L,Overt,4
"[0, 255, 0]",2,30,0.4894083,1,2,418,L,Overt,4
"[0, 255, 0]",2,15,0.2937419,1,2,419,L,Overt,4
"[0, 255, 0]",2,25,0.4471479,1,2,420,L,Overt,4
"[0, 255, 0]",2,15,0.4296024,1,2,421,L,Overt,4
"[255, 0, 0]",2,15,0.4135776,1,2,422,L,Overt,4
"[0, 255, 0]",2,5,0.3505237,1,2,423,L,Overt,4
"[255, 0, 0]",2,5,0.5279155,1,3,424,L,Overt,4
"[255, 0, 0]",2,15,0.3035542,1,3,425,L,Overt,4
"[255, 0, 0]",2,10,0.2477709,1,3,426,L,Overt,4
"[255, 255, 0]",2,20,0.2630818,1,3,427,L,Overt,4
"[255, 0, 0]",2,35,0.2878097,1,3,428,L,Overt,4
"[0, 0, 255]",2,15,0.8094201,1,3,429,L,Overt,4
"[255, 0, 0]",2,40,0.3672506,1,3,430,L,Overt,4
"[255, 255, 0]",2,10,0.5069009,1,3,431,L,Overt,4
"[0, 0, 255]",2,20,0.99695,1,3,432,L,Overt,4
"[255, 0, 0]",2,25,0.6471757,1,3,433,L,Overt,4
"[255, 0, 0]",2,15,0.3770201,1,3,434,L,Overt,4
"[255, 0, 0]",2,25,0.4517975,1,3,435,L,Overt,4
"[0, 0, 255]",2,15,0.3358788,1,3,436,L,Overt,4
"[255, 255, 0]",2,25,0.6367245,1,3,437,L,Overt,4
"[0, 0, 255]",2,40,0.4459346,1,3,438,L,Overt,4
"[255, 0, 0]",2,0,0.8453988,1,3,439,L,Overt,4
"[255, 255, 0]",2,15,0.2703603,1,3,440,L,Overt,4
"[0, 0, 255]",2,25,0.5172421,1,3,441,L,Overt,4
"[255, 0, 0]",2,40,0.3167719,1,3,442,L,Overt,4
"[255, 255, 0]",2,25,0.5257642,1,3,443,L,Overt,4
"[255, 0, 0]",2,30,0.326918,1,3,444,L,Overt,4
"[255, 0, 0]",2,30,0.3341433,1,3,445,L,Overt,4
"[0, 0, 255]",2,35,0.6750117,1,3,446,L,Overt,4
"[0, 0, 255]",2,35,0.3020975,1,3,447,L,Overt,4
"[0, 0, 255]",2,10,0.4529577,1,3,448,L,Overt,4
"[255, 0, 0]",2,35,0.4115103,1,3,449,L,Overt,4
"[0, 0, 255]",2,10,0.5507095,1,3,450,L,Overt,4
"[255, 0, 0]",2,10,0.8873684,1,3,451,L,Overt,4
"[255, 0, 0]",2,0,0.5390106,1,3,452,L,Overt,4
"[255, 0, 0]",2,0,0.3371481,1,3,453,L,Overt,4
"[255, 0, 0]",2,10,0.472399,1,3,454,L,Overt,4
"[255, 0, 0]",2,25,0.4760653,1,3,455,L,Overt,4
"[255, 0, 0]",2,0,0.3309202,1,3,456,L,Overt,4
"[0, 0, 255]",2,30,0.496624,1,3,457,L,Overt,4
"[255, 255, 0]",2,40,0.5385936,1,3,458,L,Overt,4
"[255, 255, 0]",2,15,0.574017,1,3,459,L,Overt,4
"[255, 255, 0]",2,35,0.5749037,1,3,460,L,Overt,4
"[255, 255, 0]",2,10,1.0286457,1,3,461,L,Overt,4
"[255, 0, 0]",2,5,0.4684976,1,3,462,L,Overt,4
"[255, 255, 0]",2,5,0.3621055,1,3,463,L,Overt,4
"[255, 0, 0]",2,35,1.4942048,1,3,464,L,Overt,4
"[0, 0, 255]",2,15,0.6083696,1,3,465,L,Overt,4
"[255, 255, 0]",2,25,0.8112304,1,3,466,L,Overt,4
"[255, 255, 0]",2,30,0.694745,1,3,467,L,Overt,4
"[255, 0, 0]",2,35,0.3606379,1,3,468,L,Overt,4
"[0, 0, 255]",2,0,0.7555275,1,3,469,L,Overt,4
"[255, 0, 0]",2,20,0.4386237,1,3,470,L,Overt,4
"[255, 0, 0]",2,35,0.6524477,1,3,471,L,Overt,4
"[255, 255, 0]",2,35,0.5230143,1,3,472,L,Overt,4
"[255, 255, 0]",2,5,0.4023251,1,3,473,L,Overt,4
"[255, 255, 0]",2,30,0.6857475,1,3,474,L,Overt,4
"[0, 0, 255]",2,20,0.3007724,0,3,475,L,Overt,4
"[0, 0, 255]",2,0,0.4443974,1,3,476,L,Overt,4
"[255, 255, 0]",2,30,0.4513228,1,3,477,L,Overt,4
"[0, 0, 255]",2,20,0.5059437,1,3,478,L,Overt,4
"[255, 255, 0]",2,25,0.3683808,1,3,479,L,Overt,4
"[255, 255, 0]",2,40,0.3741427,1,3,480,L,Overt,4
"[0, 0, 255]",2,25,0.3821608,1,3,481,L,Overt,4
"[255, 0, 0]",2,20,0.3896778,1,3,482,L,Overt,4
"[0, 0, 255]",2,10,0.3819247,1,3,483,L,Overt,4
"[255, 255, 0]",2,40,0.4134064,1,3,484,L,Overt,4
"[255, 0, 0]",2,15,0.3898748,1,3,485,L,Overt,4
"[0, 0, 255]",2,10,0.5017281,1,3,486,L,Overt,4
"[255, 255, 0]",2,30,0.5184614,1,3,487,L,Overt,4
"[255, 0, 0]",2,20,0.4362579,1,3,488,L,Overt,4
"[0, 0, 255]",2,35,0.4618632,1,3,489,L,Overt,4
"[255, 255, 0]",2,40,0.3636974,1,3,490,L,Overt,4
"[255, 255, 0]",2,30,0.2677858,1,3,491,L,Overt,4
"[255, 0, 0]",2,40,0.5844092,1,3,492,L,Overt,4
"[255, 255, 0]",2,5,0.4288312,1,3,493,L,Overt,4
"[255, 0, 0]",2,5,0.46995,1,3,494,L,Overt,4
"[0, 0, 255]",2,10,0.420701,1,3,495,L,Overt,4
"[255, 255, 0]",2,5,0.5757995,1,3,496,L,Overt,4
"[255, 0, 0]",2,20,0.3143669,1,3,497,L,Overt,4
"[255, 0, 0]",2,5,0.4457326,1,3,498,L,Overt,4
"[255, 0, 0]",2,5,0.5086203,1,3,499,L,Overt,4
"[255, 0, 0]",2,5,0.3544955,1,3,500,L,Overt,4
"[255, 255, 0]",2,10,0.5742527,1,3,501,L,Overt,4
"[255, 255, 0]",2,40,1.0599829,1,3,502,L,Overt,4
"[255, 0, 0]",2,40,0.6735711,1,3,503,L,Overt,4
"[0, 0, 255]",2,0,0.8253481,1,3,504,L,Overt,4
"[255, 0, 0]",2,30,0.3607072,1,3,505,L,Overt,4
"[255, 0, 0]",2,5,0.5685677,1,3,506,L,Overt,4
"[255, 255, 0]",2,5,0.8266641,1,3,507,L,Overt,4
"[255, 0, 0]",2,10,0.2963416,1,3,508,L,Overt,4
"[255, 0, 0]",2,40,0.6472749,1,3,509,L,Overt,4
"[0, 0, 255]",2,35,0.6591915,1,3,510,L,Overt,4
"[0, 0, 255]",2,0,0.4849009,1,3,511,L,Overt,4
"[255, 255, 0]",2,30,1.353534,1,3,512,L,Overt,4
"[0, 0, 255]",2,20,0.6728633,1,3,513,L,Overt,4
"[0, 0, 255]",2,15,0.4506611,1,3,514,L,Overt,4
"[255, 255, 0]",2,40,0.6182903,1,3,515,L,Overt,4
"[255, 0, 0]",2,0,0.4572182,1,3,516,L,Overt,4
"[0, 0, 255]",2,25,0.3939817,1,3,517,L,Overt,4
"[255, 255, 0]",2,20,0.4289705,1,3,518,L,Overt,4
"[255, 0, 0]",2,0,0.4048879,1,3,519,L,Overt,4
"[0, 0, 255]",2,35,0.5952791,1,3,520,L,Overt,4
"[0, 0, 255]",2,5,0.5679595,1,3,521,L,Overt,4
"[255, 0, 0]",2,30,0.4115101,1,3,522,L,Overt,4
"[255, 0, 0]",2,25,0.5369487,1,3,523,L,Overt,4
"[255, 255, 0]",2,30,0.6263465,1,3,524,L,Overt,4
"[255, 0, 0]",2,20,0.914133,1,3,525,L,Overt,4
"[255, 255, 0]",2,0,0.5118151,1,3,526,L,Overt,4
"[0, 0, 255]",2,10,0.4675637,1,3,527,L,Overt,4
"[255, 0, 0]",2,15,0.4134933,1,3,528,L,Overt,4
"[0, 0, 255]",2,35,0.5822954,1,3,529,L,Overt,4
"[255, 255, 0]",2,40,0.4360431,1,3,530,L,Overt,4
"[255, 255, 0]",2,5,0.3579453,1,3,531,L,Overt,4
"[255, 0, 0]",2,20,0.3237878,1,3,532,L,Overt,4
"[0, 0, 255]",2,25,0.4796172,1,3,533,L,Overt,4
"[0, 0, 255]",2,0,0.4062293,1,3,534,L,Overt,4
"[0, 0, 255]",2,15,0.2590301,1,3,535,L,Overt,4
"[255, 255, 0]",2,0,0.6018175,1,3,536,L,Overt,4
"[0, 0, 255]",2,0,0.5376875,1,3,537,L,Overt,4
"[255, 255, 0]",2,5,0.726036,1,3,538,L,Overt,4
"[255, 0, 0]",2,15,0.8540241,1,3,539,L,Overt,4
"[255, 255, 0]",2,0,0.4143927,1,3,540,L,Overt,4
"[255, 0, 0]",2,30,0.6929292,1,3,541,L,Overt,4
"[255, 255, 0]",2,35,0.3707165,1,3,542,L,Overt,4
"[255, 255, 0]",2,15,0.5164628,1,3,543,L,Overt,4
"[0, 0, 255]",2,10,0.4974061,1,3,544,L,Overt,4
"[255, 0, 0]",2,40,0.6505027,1,3,545,L,Overt,4
"[0, 0, 255]",2,20,0.8533612,1,3,546,L,Overt,4
"[255, 0, 0]",2,35,0.9337561,1,3,547,L,Overt,4
"[0, 0, 255]",2,25,0.4930197,1,3,548,L,Overt,4
"[255, 0, 0]",2,10,0.5805381,1,3,549,L,Overt,4
"[255, 0, 0]",2,25,0.3791203,1,3,550,L,Overt,4
"[255, 255, 0]",2,30,0.3954408,1,3,551,L,Overt,4
"[255, 255, 0]",2,25,0.372149,1,3,552,L,Overt,4
"[255, 255, 0]",2,30,0.3588098,1,3,553,L,Overt,4
"[255, 0, 0]",2,15,0.4522315,1,3,554,L,Overt,4
"[255, 255, 0]",2,20,0.3840152,1,3,555,L,Overt,4
"[255, 0, 0]",2,40,0.4394177,1,3,556,L,Overt,4
"[255, 0, 0]",2,15,0.778431,1,3,557,L,Overt,4
"[255, 255, 0]",2,20,0.5489127,1,3,558,L,Overt,4
"[255, 0, 0]",0,20,0.2977598,1,1,1,L,Overt,4
"[255, 0, 0]",0,30,0.4516563,1,1,2,L,Overt,4
"[255, 0, 0]",0,0,0.4422683,1,1,3,L,Overt,4
"[255, 0, 0]",0,10,0.2601559,1,1,4,L,Overt,4
"[255, 0, 0]",0,0,0.4417033,1,1,5,L,Overt,4
"[255, 0, 0]",0,0,0.4056599,1,1,6,L,Overt,4
"[255, 0, 0]",0,5,0.2665502,1,1,7,L,Overt,4
"[255, 0, 0]",0,25,0.5671755,1,1,8,L,Overt,4
"[255, 0, 0]",0,10,0.3636567,1,1,9,L,Overt,4
"[255, 0, 0]",0,20,0.270221,1,1,10,L,Overt,4
"[255, 0, 0]",0,25,0.3039792,1,1,11,L,Overt,4
"[255, 0, 0]",0,40,0.472029,1,1,12,L,Overt,4
"[255, 0, 0]",0,15,0.3774361,1,1,13,L,Overt,4
"[255, 0, 0]",0,30,0.4214634,1,1,14,L,Overt,4
"[255, 0, 0]",0,30,0.426419,1,1,15,L,Overt,4
"[255, 0, 0]",0,35,0.4945835,1,1,16,L,Overt,4
"[255, 0, 0]",0,40,0.4321254,1,1,17,L,Overt,4
"[255, 0, 0]",0,15,0.2705165,1,1,18,L,Overt,4
"[255, 0, 0]",0,5,0.3183123,1,1,19,L,Overt,4
"[255, 0, 0]",0,5,0.2005947,1,1,20,L,Overt,4
"[255, 0, 0]",0,25,0.352943,1,1,21,L,Overt,4
"[255, 0, 0]",0,10,0.1924023,1,1,22,L,Overt,4
"[255, 0, 0]",0,15,0.2322529,1,1,23,L,Overt,4
"[255, 0, 0]",0,15,0.2842721,1,1,24,L,Overt,4
"[255, 0, 0]",0,35,0.5277064,1,1,25,L,Overt,4
"[255, 0, 0]",0,30,0.4347007,1,1,26,L,Overt,4
"[255, 0, 0]",0,20,0.4586676,1,1,27,L,Overt,4
"[255, 0, 0]",0,40,0.2702131,1,1,28,L,Overt,4
"[255, 0, 0]",0,5,0.4629271,1,1,29,L,Overt,4
"[255, 0, 0]",0,20,0.8637849,1,1,30,L,Overt,4
"[255, 0, 0]",0,35,0.3317122,1,1,31,L,Overt,4
"[255, 0, 0]",0,25,0.5311286,1,1,32,L,Overt,4
"[255, 0, 0]",0,10,0.4384466,1,1,33,L,Overt,4
"[255, 0, 0]",0,0,0.5808305,1,1,34,L,Overt,4
"[255, 0, 0]",0,40,0.4637829,1,1,35,L,Overt,4
"[255, 0, 0]",0,35,0.2831343,1,1,36,L,Overt,4
"[0, 255, 0]",0,30,0.6879295,1,2,37,L,Overt,4
"[0, 255, 0]",0,15,0.3128061,1,2,38,L,Overt,4
"[0, 255, 0]",0,20,0.3491388,1,2,39,L,Overt,4
"[0, 255, 0]",0,25,0.312322,1,2,40,L,Overt,4
"[255, 0, 0]",0,40,0.7519073,1,2,41,L,Overt,4
"[0, 255, 0]",0,35,0.5426291,1,2,42,L,Overt,4
"[255, 0, 0]",0,25,0.4569569,1,2,43,L,Overt,4
"[0, 255, 0]",0,0,0.5637641,1,2,44,L,Overt,4
"[0, 255, 0]",0,0,0.2442157,1,2,45,L,Overt,4
"[0, 255, 0]",0,15,0.3373473,1,2,46,L,Overt,4
"[255, 0, 0]",0,5,0.2456821,1,2,47,L,Overt,4
"[255, 0, 0]",0,40,0.2274373,0,2,48,L,Overt,4
"[255, 0, 0]",0,35,0.3970419,1,2,49,L,Overt,4
"[0, 255, 0]",0,5,0.3800145,1,2,50,L,Overt,4
"[0, 255, 0]",0,0,0.6373615,1,2,51,L,Overt,4
"[0, 255, 0]",0,0,0.4201201,1,2,52,L,Overt,4
"[255, 0, 0]",0,10,0.519718,1,2,53,L,Overt,4
"[255, 0, 0]",0,15,0.5285221,1,2,54,L,Overt,4
"[255, 0, 0]",0,10,0.5427287,1,2,55,L,Overt,4
"[255, 0, 0]",0,20,0.5861244,1,2,56,L,Overt,4
"[255, 0, 0]",0,40,0.5696505,1,2,57,L,Overt,4
"[0, 255, 0]",0,30,0.5952657,1,2,58,L,Overt,4
"[255, 0, 0]",0,15,0.5124093,1,2,59,L,Overt,4
"[0, 255, 0]",0,0,0.622659,1,2,60,L,Overt,4
"[255, 0, 0]",0,15,0.6298257,1,2,61,L,Overt,4
"[0, 255, 0]",0,30,0.812101,1,2,62,L,Overt,4
"[0, 255, 0]",0,15,0.6567935,1,2,63,L,Overt,4
"[255, 0, 0]",0,5,0.367539,1,2,64,L,Overt,4
"[255, 0, 0]",0,30,0.4992701,1,2,65,L,Overt,4
"[0, 255, 0]",0,0,0.3666121,1,2,66,L,Overt,4
"[0, 255, 0]",0,30,0.4271066,1,2,67,L,Overt,4
"[0, 255, 0]",0,40,0.4104494,1,2,68,L,Overt,4
"[0, 255, 0]",0,5,0.4242755,1,2,69,L,Overt,4
"[255, 0, 0]",0,15,0.5047935,1,2,70,L,Overt,4
"[255, 0, 0]",0,25,0.4112325,1,2,71,L,Overt,4
"[0, 255, 0]",0,5,0.3945942,1,2,72,L,Overt,4
"[0, 255, 0]",0,0,0.3723832,1,2,73,L,Overt,4
"[0, 255, 0]",0,25,0.369252,1,2,74,L,Overt,4
"[255, 0, 0]",0,25,0.5729279,1,2,75,L,Overt,4
"[0, 255, 0]",0,20,0.5381701,1,2,76,L,Overt,4
"[0, 255, 0]",0,35,0.4667409,1,2,77,L,Overt,4
"[0, 255, 0]",0,0,0.3501018,1,2,78,L,Overt,4
"[0, 255, 0]",0,10,0.2786585,1,2,79,L,Overt,4
"[0, 255, 0]",0,15,0.4271502,1,2,80,L,Overt,4
"[0, 255, 0]",0,35,0.3761684,1,2,81,L,Overt,4
"[0, 255, 0]",0,0,0.3175996,1,2,82,L,Overt,4
"[255, 0, 0]",0,40,0.7692168,1,2,83,L,Overt,4
"[0, 255, 0]",0,25,0.4799689,1,2,84,L,Overt,4
"[0, 255, 0]",0,35,0.5725068,1,2,85,L,Overt,4
"[255, 0, 0]",0,20,0.4264145,1,2,86,L,Overt,4
"[0, 255, 0]",0,35,0.4656087,1,2,87,L,Overt,4
"[255, 0, 0]",0,35,0.4208847,1,2,88,L,Overt,4
"[255, 0, 0]",0,25,0.4425812,1,2,89,L,Overt,4
"[0, 255, 0]",0,20,0.4533246,1,2,90,L,Overt,4
"[255, 0, 0]",0,15,0.5780064,1,2,91,L,Overt,4
"[255, 0, 0]",0,10,0.5516986,1,2,92,L,Overt,4
"[0, 255, 0]",0,5,0.4808775,1,2,93,L,Overt,4
"[0, 255, 0]",0,30,0.2612366,1,2,94,L,Overt,4
"[255, 0, 0]",0,20,0.5896556,1,2,95,L,Overt,4
"[0, 255, 0]",0,0,0.6031773,1,2,96,L,Overt,4
"[0, 255, 0]",0,30,0.3758405,1,2,97,L,Overt,4
"[255, 0, 0]",0,10,0.4429443,1,2,98,L,Overt,4
"[0, 255, 0]",0,30,0.3166891,1,2,99,L,Overt,4
"[255, 0, 0]",0,20,0.4934677,1,2,100,L,Overt,4
"[0, 255, 0]",0,30,0.3400209,1,2,101,L,Overt,4
"[255, 0, 0]",0,5,0.369802,1,2,102,L,Overt,4
"[255, 0, 0]",0,40,0.636775,1,2,103,L,Overt,4
"[255, 0, 0]",0,25,0.5487943,1,2,104,L,Overt,4
"[255, 0, 0]",0,5,0.3174578,1,2,105,L,Overt,4
"[0, 255, 0]",0,10,0.4019733,1,2,106,L,Overt,4
"[255, 0, 0]",0,10,0.4526419,1,2,107,L,Overt,4
"[0, 255, 0]",0,35,0.4867595,1,2,108,L,Overt,4
"[0, 255, 0]",0,30,0.4188913,1,2,109,L,Overt,4
"[255, 0, 0]",0,40,0.3875893,1,2,110,L,Overt,4
"[255, 0, 0]",0,30,0.6231047,1,2,111,L,Overt,4
"[0, 255, 0]",0,15,0.4152051,1,2,112,L,Overt,4
"[255, 0, 0]",0,40,0.3491448,1,2,113,L,Overt,4
"[255, 0, 0]",0,5,0.3192311,1,2,114,L,Overt,4
"[255, 0, 0]",0,20,0.2335397,1,2,115,L,Overt,4
"[255, 0, 0]",0,35,0.3854033,1,2,116,L,Overt,4
"[255, 0, 0]",0,25,0.5087906,1,2,117,L,Overt,4
"[0, 255, 0]",0,5,0.5191965,1,2,118,L,Overt,4
"[255, 0, 0]",0,5,0.4220038,1,2,119,L,Overt,4
"[255, 0, 0]",0,25,0.4525906,1,2,120,L,Overt,4
"[255, 0, 0]",0,15,0.4130231,1,2,121,L,Overt,4
"[255, 0, 0]",0,40,0.5768546,1,2,122,L,Overt,4
"[0, 255, 0]",0,15,0.3824757,1,2,123,L,Overt,4
"[0, 255, 0]",0,35,0.2777434,1,2,124,L,Overt,4
"[0, 255, 0]",0,20,0.3126964,1,2,125,L,Overt,4
"[0, 255, 0]",0,10,0.2618702,1,2,126,L,Overt,4
"[0, 255, 0]",0,25,0.2753152,1,2,127,L,Overt,4
"[0, 255, 0]",0,20,0.4373109,1,2,128,L,Overt,4
"[0, 255, 0]",0,20,0.408863,1,2,129,L,Overt,4
"[255, 0, 0]",0,0,0.3325528,1,2,130,L,Overt,4
"[0, 255, 0]",0,35,0.3281956,1,2,131,L,Overt,4
"[255, 0, 0]",0,30,0.3879944,1,2,132,L,Overt,4
"[255, 0, 0]",0,20,0.5476312,1,2,133,L,Overt,4
"[0, 255, 0]",0,0,0.4562597,1,2,134,L,Overt,4
"[0, 255, 0]",0,10,0.3238235,1,2,135,L,Overt,4
"[0, 255, 0]",0,10,0.4085407,1,2,136,L,Overt,4
"[255, 0, 0]",0,5,0.3999886,1,2,137,L,Overt,4
"[255, 0, 0]",0,10,0.3859847,1,2,138,L,Overt,4
"[255, 0, 0]",0,25,0.4379176,1,2,139,L,Overt,4
"[0, 255, 0]",0,40,0.351534,1,2,140,L,Overt,4
"[0, 255, 0]",0,10,0.3332988,1,2,141,L,Overt,4
"[0, 255, 0]",0,40,0.4071369,1,2,142,L,Overt,4
"[0, 255, 0]",0,40,0.5957072,1,2,143,L,Overt,4
"[0, 255, 0]",0,35,0.3552995,1,2,144,L,Overt,4
"[255, 255, 0]",0,0,0.4168174,1,3,145,L,Overt,4
"[255, 255, 0]",0,25,0.8855901,1,3,146,L,Overt,4
"[0, 0, 255]",0,35,0.5355951,1,3,147,L,Overt,4
"[0, 0, 255]",0,0,0.4044212,1,3,148,L,Overt,4
"[255, 0, 0]",0,5,0.3830072,1,3,149,L,Overt,4
"[255, 0, 0]",0,15,0.3788377,1,3,150,L,Overt,4
"[0, 0, 255]",0,20,0.3185596,1,3,151,L,Overt,4
"[0, 0, 255]",0,30,0.2672564,1,3,152,L,Overt,4
"[0, 0, 255]",0,10,0.3281459,1,3,153,L,Overt,4
"[0, 0, 255]",0,40,0.3437262,1,3,154,L,Overt,4
"[255, 0, 0]",0,20,0.4583719,1,3,155,L,Overt,4
"[255, 255, 0]",0,5,0.3421789,1,3,156,L,Overt,4
"[255, 255, 0]",0,35,0.3060236,1,3,157,L,Overt,4
"[255, 0, 0]",0,30,0.3839844,1,3,158,L,Overt,4
"[0, 0, 255]",0,15,0.3657998,1,3,159,L,Overt,4
"[0, 0, 255]",0,35,0.3356676,1,3,160,L,Overt,4
"[255, 255, 0]",0,35,0.3521875,1,3,161,L,Overt,4
"[0, 0, 255]",0,10,0.2588454,1,3,162,L,Overt,4
"[255, 255, 0]",0,25,0.3090097,1,3,163,L,Overt,4
"[255, 0, 0]",0,35,0.4388166,1,3,164,L,Overt,4
"[255, 0, 0]",0,0,0.323468,1,3,165,L,Overt,4
"[0, 0, 255]",0,30,0.4359493,1,3,166,L,Overt,4
"[0, 0, 255]",0,35,0.3034991,1,3,167,L,Overt,4
"[255, 0, 0]",0,25,0.4403631,1,3,168,L,Overt,4
"[255, 255, 0]",0,0,0.3195777,1,3,169,L,Overt,4
"[255, 0, 0]",0,25,0.4349736,1,3,170,L,Overt,4
"[0, 0, 255]",0,15,0.3197516,1,3,171,L,Overt,4
"[255, 255, 0]",0,15,0.7318041,1,3,172,L,Overt,4
"[255, 255, 0]",0,30,0.3890657,1,3,173,L,Overt,4
"[0, 0, 255]",0,30,0.4278622,1,3,174,L,Overt,4
"[255, 255, 0]",0,30,0.3084262,1,3,175,L,Overt,4
"[0, 0, 255]",0,30,0.4264885,1,3,176,L,Overt,4
"[255, 255, 0]",0,20,0.245155,1,3,177,L,Overt,4
"[255, 255, 0]",0,15,0.3822027,1,3,178,L,Overt,4
"[0, 0, 255]",0,15,0.1921754,1,3,179,L,Overt,4
"[0, 0, 255]",0,10,0.2698653,1,3,180,L,Overt,4
"[0, 0, 255]",0,20,0.3138248,1,3,181,L,Overt,4
"[0, 0, 255]",0,15,0.2353464,1,3,182,L,Overt,4
"[255, 0, 0]",0,0,0.3773284,1,3,183,L,Overt,4
"[255, 0, 0]",0,25,0.3705977,1,3,184,L,Overt,4
"[255, 255, 0]",0,0,0.538188,1,3,185,L,Overt,4
"[255, 255, 0]",0,0,0.3701085,1,3,186,L,Overt,4
"[0, 0, 255]",0,20,0.6363615,1,3,187,L,Overt,4
"[0, 0, 255]",0,40,0.4784378,1,3,188,L,Overt,4
"[0, 0, 255]",0,20,0.3257686,1,3,189,L,Overt,4
"[255, 255, 0]",0,40,0.2424627,1,3,190,L,Overt,4
"[255, 255, 0]",0,30,0.5109598,1,3,191,L,Overt,4
"[0, 0, 255]",0,30,0.3774984,1,3,192,L,Overt,4
"[255, 255, 0]",0,30,0.3332478,1,3,193,L,Overt,4
"[0, 0, 255]",0,5,0.3838566,1,3,194,L,Overt,4
"[255, 255, 0]",0,10,0.3861792,1,3,195,L,Overt,4
"[255, 255, 0]",0,10,0.2410586,1,3,196,L,Overt,4
"[0, 0, 255]",0,5,0.7140501,1,3,197,L,Overt,4
"[0, 0, 255]",0,0,0.4437292,1,3,198,L,Overt,4
"[255, 0, 0]",0,5,0.3219572,1,3,199,L,Overt,4
"[255, 0, 0]",0,10,0.2542612,1,3,200,L,Overt,4
"[255, 0, 0]",0,10,0.4714594,1,3,201,L,Overt,4
"[255, 255, 0]",0,10,0.408305,1,3,202,L,Overt,4
"[0, 0, 255]",0,5,0.4677311,1,3,203,L,Overt,4
"[255, 0, 0]",0,35,0.529816,1,3,204,L,Overt,4
"[255, 255, 0]",0,15,0.3635796,1,3,205,L,Overt,4
"[255, 0, 0]",0,20,0.4485913,1,3,206,L,Overt,4
"[255, 255, 0]",0,25,0.2496241,1,3,207,L,Overt,4
"[255, 255, 0]",0,5,0.389341,1,3,208,L,Overt,4
"[255, 0, 0]",0,5,0.391089,1,3,209,L,Overt,4
"[255, 255, 0]",0,25,0.3400182,1,3,210,L,Overt,4
"[255, 255, 0]",0,15,0.4756029,1,3,211,L,Overt,4
"[0, 0, 255]",0,10,0.6934656,1,3,212,L,Overt,4
"[255, 255, 0]",0,25,0.4026787,1,3,213,L,Overt,4
"[255, 255, 0]",0,20,0.2783199,1,3,214,L,Overt,4
"[255, 255, 0]",0,15,0.5496026,1,3,215,L,Overt,4
"[255, 0, 0]",0,0,0.3541078,1,3,216,L,Overt,4
"[0, 0, 255]",0,40,0.4319504,1,3,217,L,Overt,4
"[255, 0, 0]",0,5,0.3760179,1,3,218,L,Overt,4
"[0, 0, 255]",0,25,0.4506814,1,3,219,L,Overt,4
"[255, 0, 0]",0,0,0.4511117,1,3,220,L,Overt,4
"[255, 0, 0]",0,5,0.5604895,1,3,221,L,Overt,4
"[255, 255, 0]",0,20,0.3637116,1,3,222,L,Overt,4
"[255, 255, 0]",0,40,0.2790142,1,3,223,L,Overt,4
"[255, 255, 0]",0,5,0.2680987,1,3,224,L,Overt,4
"[255, 255, 0]",0,10,0.302774,1,3,225,L,Overt,4
"[0, 0, 255]",0,20,0.3570173,1,3,226,L,Overt,4
"[255, 0, 0]",0,10,0.4512575,1,3,227,L,Overt,4
"[0, 0, 255]",0,20,0.5030287,1,3,228,L,Overt,4
"[0, 0, 255]",0,40,0.5120605,1,3,229,L,Overt,4
"[0, 0, 255]",0,25,0.4224801,1,3,230,L,Overt,4
"[255, 0, 0]",0,0,0.3843474,1,3,231,L,Overt,4
"[0, 0, 255]",0,35,0.4025358,1,3,232,L,Overt,4
"[0, 0, 255]",0,30,0.3045967,1,3,233,L,Overt,4
"[255, 255, 0]",0,30,0.3357149,1,3,234,L,Overt,4
"[255, 0, 0]",0,25,0.3528898,1,3,235,L,Overt,4
"[0, 0, 255]",0,35,0.4023709,1,3,236,L,Overt,4
"[255, 0, 0]",0,35,0.319994,1,3,237,L,Overt,4
"[255, 255, 0]",0,40,0.4871111,1,3,238,L,Overt,4
"[255, 0, 0]",0,35,0.5397048,1,3,239,L,Overt,4
"[0, 0, 255]",0,5,0.4426136,1,3,240,L,Overt,4
"[0, 0, 255]",0,25,0.3945222,1,3,241,L,Overt,4
"[0, 0, 255]",0,0,0.3059309,1,3,242,L,Overt,4
"[255, 255, 0]",0,10,0.3822128,1,3,243,L,Overt,4
"[255, 0, 0]",0,20,0.5819722,1,3,244,L,Overt,4
"[255, 0, 0]",0,25,0.5176078,1,3,245,L,Overt,4
"[0, 0, 255]",0,40,0.5153242,1,3,246,L,Overt,4
"[0, 0, 255]",0,20,0.4747617,1,3,247,L,Overt,4
"[0, 0, 255]",0,40,0.6480857,1,3,248,L,Overt,4
"[0, 0, 255]",0,25,0.4796554,1,3,249,L,Overt,4
"[255, 255, 0]",0,30,0.5051681,1,3,250,L,Overt,4
"[255, 0, 0]",0,30,0.4499245,1,3,251,L,Overt,4
"[0, 0, 255]",0,40,0.4077222,1,3,252,L,Overt,4
"[255, 0, 0]",0,40,0.4891931,1,3,253,L,Overt,4
"[0, 0, 255]",0,40,0.42919,1,3,254,L,Overt,4
"[0, 0, 255]",0,10,0.475839,1,3,255,L,Overt,4
"[255, 0, 0]",0,10,0.458178,1,3,256,L,Overt,4
"[0, 0, 255]",0,40,0.6170425,1,3,257,L,Overt,4
"[255, 255, 0]",0,15,0.519522,1,3,258,L,Overt,4
"[255, 0, 0]",0,10,0.3885863,1,3,259,L,Overt,4
"[255, 0, 0]",0,15,0.4698127,1,3,260,L,Overt,4
"[0, 0, 255]",0,35,0.5514212,1,3,261,L,Overt,4
"[255, 0, 0]",0,20,0.4139706,1,3,262,L,Overt,4
"[255, 0, 0]",0,5,0.3487124,1,3,263,L,Overt,4
"[255, 255, 0]",0,5,0.5436165,1,3,264,L,Overt,4
"[0, 0, 255]",0,30,0.5585723,1,3,265,L,Overt,4
"[255, 255, 0]",0,5,0.5144042,1,3,266,L,Overt,4
"[0, 0, 255]",0,15,0.3859529,1,3,267,L,Overt,4
"[0, 0, 255]",0,0,0.4564057,1,3,268,L,Overt,4
"[255, 0, 0]",0,25,0.7690647,1,3,269,L,Overt,4
"[255, 0, 0]",0,15,0.4797754,1,3,270,L,Overt,4
"[0, 0, 255]",0,0,0.4641077,1,3,271,L,Overt,4
"[0, 0, 255]",0,35,0.5021101,1,3,272,L,Overt,4
"[255, 0, 0]",0,15,0.726903,1,3,273,L,Overt,4
"[255, 255, 0]",0,40,0.6500382,1,3,274,L,Overt,4
"[0, 0, 255]",0,40,0.68499,1,3,275,L,Overt,4
"[255, 0, 0]",0,35,0.7571578,1,3,276,L,Overt,4
"[255, 0, 0]",0,20,0.8499965,1,3,277,L,Overt,4
"[255, 255, 0]",0,35,0.4447339,1,3,278,L,Overt,4
"[255, 0, 0]",0,0,0.3964015,1,3,279,L,Overt,4
"[255, 0, 0]",2,5,0.3346089,1,1,280,L,Overt,4
"[255, 0, 0]",2,40,0.2189662,1,1,281,L,Overt,4
"[255, 0, 0]",2,0,0.05427,1,1,282,L,Overt,4
"[255, 0, 0]",2,25,0.3379971,1,1,283,L,Overt,4
"[255, 0, 0]",2,5,0.2293021,1,1,284,L,Overt,4
"[255, 0, 0]",2,0,0.2979807,1,1,285,L,Overt,4
"[255, 0, 0]",2,40,0.4856666,1,1,286,L,Overt,4
"[255, 0, 0]",2,35,0.3668096,1,1,287,L,Overt,4
"[255, 0, 0]",2,40,0.4290444,1,1,288,L,Overt,4
"[255, 0, 0]",2,0,0.2864853,1,1,289,L,Overt,4
"[255, 0, 0]",2,20,-0.1012964,1,1,290,L,Overt,4
"[255, 0, 0]",2,25,0.2999801,1,1,291,L,Overt,4
"[255, 0, 0]",2,25,0.4337719,1,1,292,L,Overt,4
"[255, 0, 0]",2,35,0.5396433,1,1,293,L,Overt,4
"[255, 0, 0]",2,0,0.4778357,1,1,294,L,Overt,4
"[255, 0, 0]",2,5,0.4406337,1,1,295,L,Overt,4
"[255, 0, 0]",2,5,0.2934386,1,1,296,L,Overt,4
"[255, 0, 0]",2,15,0.2181711,1,1,297,L,Overt,4
"[255, 0, 0]",2,35,0.2430863,1,1,298,L,Overt,4
"[255, 0, 0]",2,10,0.3429248,1,1,299,L,Overt,4
"[255, 0, 0]",2,10,0.3699873,1,1,300,L,Overt,4
"[255, 0, 0]",2,30,0.5395032,1,1,301,L,Overt,4
"[255, 0, 0]",2,40,0.6368956,1,1,302,L,Overt,4
"[255, 0, 0]",2,10,0.5106145,1,1,303,L,Overt,4
"[255, 0, 0]",2,15,0.3021703,1,1,304,L,Overt,4
"[255, 0, 0]",2,20,0.3356333,1,1,305,L,Overt,4
"[255, 0, 0]",2,15,0.5164383,1,1,306,L,Overt,4
"[255, 0, 0]",2,10,0.5682967,1,1,307,L,Overt,4
"[255, 0, 0]",2,30,0.5459449,1,1,308,L,Overt,4
"[255, 0, 0]",2,20,1.0084946,1,1,309,L,Overt,4
"[255, 0, 0]",2,25,0.4183029,1,1,310,L,Overt,4
"[255, 0, 0]",2,30,0.3620002,1,1,311,L,Overt,4
"[255, 0, 0]",2,35,0.5912189,1,1,312,L,Overt,4
"[255, 0, 0]",2,15,0.4698834,1,1,313,L,Overt,4
"[255, 0, 0]",2,30,0.5475387,1,1,314,L,Overt,4
"[255, 0, 0]",2,20,0.4582075,1,1,315,L,Overt,4
"[0, 255, 0]",2,20,0.5029763,1,2,316,L,Overt,4
"[0, 255, 0]",2,0,0.484878,1,2,317,L,Overt,4
"[0, 255, 0]",2,40,0.3800155,1,2,318,L,Overt,4
"[0, 255, 0]",2,30,0.3098051,1,2,319,L,Overt,4
"[255, 0, 0]",2,15,0.4805408,1,2,320,L,Overt,4
"[0, 255, 0]",2,25,0.3741531,1,2,321,L,Overt,4
"[255, 0, 0]",2,30,0.3265751,1,2,322,L,Overt,4
"[0, 255, 0]",2,20,0.3441117,1,2,323,L,Overt,4
"[0, 255, 0]",2,10,0.3226264,1,2,324,L,Overt,4
"[255, 0, 0]",2,35,0.5383901,1,2,325,L,Overt,4
"[255, 0, 0]",2,15,0.6610912,1,2,326,L,Overt,4
"[255, 0, 0]",2,15,0.2577049,1,2,327,L,Overt,4
"[255, 0, 0]",2,40,0.4445656,1,2,328,L,Overt,4
"[255, 0, 0]",2,30,0.4862293,1,2,329,L,Overt,4
"[255, 0, 0]",2,10,0.3260404,1,2,330,L,Overt,4
"[0, 255, 0]",2,20,0.4381831,1,2,331,L,Overt,4
"[255, 0, 0]",2,10,0.4829721,1,2,332,L,Overt,4
"[255, 0, 0]",2,5,0.3868075,1,2,333,L,Overt,4
"[255, 0, 0]",2,10,0.4660658,1,2,334,L,Overt,4
"[0, 255, 0]",2,35,0.4613847,1,2,335,L,Overt,4
"[255, 0, 0]",2,30,0.4239632,1,2,336,L,Overt,4
"[0, 255, 0]",2,20,0.3466907,1,2,337,L,Overt,4
"[255, 0, 0]",2,20,0.665578,1,2,338,L,Overt,4
"[0, 255, 0]",2,40,0.619446,1,2,339,L,Overt,4
"[255, 0, 0]",2,10,0.4868944,1,2,340,L,Overt,4
"[255, 0, 0]",2,0,0.4016195,1,2,341,L,Overt,4
"[255, 0, 0]",2,35,0.5306088,1,2,342,L,Overt,4
"[0, 255, 0]",2,20,0.450108,1,2,343,L,Overt,4
"[255, 0, 0]",2,10,0.4549349,1,2,344,L,Overt,4
"[0, 255, 0]",2,0,0.4391318,1,2,345,L,Overt,4
"[0, 255, 0]",2,25,0.6385091,1,2,346,L,Overt,4
"[255, 0, 0]",2,20,0.4527833,1,2,347,L,Overt,4
"[255, 0, 0]",2,35,0.4478836,1,2,348,L,Overt,4
"[255, 0, 0]",2,5,0.4681829,1,2,349,L,Overt,4
"[255, 0, 0]",2,5,0.5418803,1,2,350,L,Overt,4
"[0, 255, 0]",2,25,0.6175391,1,2,351,L,Overt,4
"[0, 255, 0]",2,25,0.388332,1,2,352,L,Overt,4
"[255, 0, 0]",2,25,0.615307,1,2,353,L,Overt,4
"[0, 255, 0]",2,15,0.5292861,1,2,354,L,Overt,4
"[255, 0, 0]",2,40,1.0112613,1,2,355,L,Overt,4
"[255, 0, 0]",2,25,0.6308029,1,2,356,L,Overt,4
"[0, 255, 0]",2,0,0.5856764,1,2,357,L,Overt,4
"[255, 0, 0]",2,15,0.5962206,1,2,358,L,Overt,4
"[0, 255, 0]",2,25,0.3589559,1,2,359,L,Overt,4
"[0, 255, 0]",2,0,0.8100602,1,2,360,L,Overt,4
"[255, 0, 0]",2,10,0.5025486,1,2,361,L,Overt,4
"[0, 255, 0]",2,15,0.3448418,1,2,362,L,Overt,4
"[0, 255, 0]",2,30,0.4788816,1,2,363,L,Overt,4
"[255, 0, 0]",2,15,0.4825261,1,2,364,L,Overt,4
"[255, 0, 0]",2,40,0.5369815,0,2,365,L,Overt,4
"[0, 255, 0]",2,30,0.6688077,1,2,366,L,Overt,4
"[255, 0, 0]",2,5,0.5205514,1,2,367,L,Overt,4
"[255, 0, 0]",2,5,0.3331297,1,2,368,L,Overt,4
"[0, 255, 0]",2,0,0.4907264,1,2,369,L,Overt,4
"[255, 0, 0]",2,40,0.4622979,1,2,370,L,Overt,4
"[255, 0, 0]",2,20,0.5030518,1,2,371,L,Overt,4
"[255, 0, 0]",2,5,0.2869477,1,2,372,L,Overt,4
"[0, 255, 0]",2,15,0.3413742,1,2,373,L,Overt,4
"[255, 0, 0]",2,25,0.7356317,1,2,374,L,Overt,4
"[255, 0, 0]",2,10,0.6192893,1,2,375,L,Overt,4
"[0, 255, 0]",2,40,0.4404279,1,2,376,L,Overt,4
"[0, 255, 0]",2,30,0.4621649,1,2,377,L,Overt,4
"[255, 0, 0]",2,35,0.4877519,1,2,378,L,Overt,4
"[255, 0, 0]",2,15,0.3133694,1,2,379,L,Overt,4
"[0, 255, 0]",2,30,0.4216052,1,2,380,L,Overt,4
"[255, 0, 0]",2,40,0.4451178,1,2,381,L,Overt,4
"[0, 255, 0]",2,0,0.3931774,1,2,382,L,Overt,4
"[0, 255, 0]",2,25,0.4125438,1,2,383,L,Overt,4
"[0, 255, 0]",2,15,0.5271787,1,2,384,L,Overt,4
"[0, 255, 0]",2,10,0.8133266,1,2,385,L,Overt,4
"[0, 255, 0]",2,5,0.2246176,1,2,386,L,Overt,4
"[0, 255, 0]",2,25,0.2137558,1,2,387,L,Overt,4
"[0, 255, 0]",2,20,0.4080598,1,2,388,L,Overt,4
"[255, 0, 0]",2,25,0.345693,1,2,389,L,Overt,4
"[0, 255, 0]",2,30,0.5553945,1,2,390,L,Overt,4
"[0, 255, 0]",2,40,0.4916973,1,2,391,L,Overt,4
"[255, 0, 0]",2,25,0.5894199,1,2,392,L,Overt,4
"[0, 255, 0]",2,40,0.3867651,1,2,393,L,Overt,4
"[0, 255, 0]",2,40,0.3821843,1,2,394,L,Overt,4
"[255, 0, 0]",2,0,0.4209155,1,2,395,L,Overt,4
"[0, 255, 0]",2,30,0.5387168,1,2,396,L,Overt,4
"[255, 0, 0]",2,10,0.3982368,1,2,397,L,Overt,4
"[255, 0, 0]",2,35,0.7015959,1,2,398,L,Overt,4
"[0, 255, 0]",2,5,0.3117999,1,2,399,L,Overt,4
"[255, 0, 0]",2,0,0.4927007,1,2,400,L,Overt,4
"[0, 255, 0]",2,35,0.355191,1,2,401,L,Overt,4
"[255, 0, 0]",2,30,0.4300226,1,2,402,L,Overt,4
"[255, 0, 0]",2,35,0.4239925,1,2,403,L,Overt,4
"[255, 0, 0]",2,5,0.4160168,1,2,404,L,Overt,4
"[255, 0, 0]",2,35,0.7271731,1,2,405,L,Overt,4
"[0, 255, 0]",2,40,0.4859011,1,2,406,L,Overt,4
"[0, 255, 0]",2,0,0.3024817,1,2,407,L,Overt,4
"[0, 255, 0]",2,20,0.2563562,1,2,408,L,Overt,4
"[0, 255, 0]",2,35,0.2903924,1,2,409,L,Overt,4
"[255, 0, 0]",2,15,0.6004052,1,2,410,L,Overt,4
"[255, 0, 0]",2,10,0.3406961,1,2,411,L,Overt,4
"[0, 255, 0]",2,30,0.4323512,1,2,412,L,Overt,4
"[0, 255, 0]",2,5,0.3345762,1,2,413,L,Overt,4
"[255, 0, 0]",2,5,0.3918037,1,2,414,L,Overt,4
"[255, 0, 0]",2,0,0.3342216,1,2,415,L,Overt,4
"[255, 0, 0]",2,20,0.4708107,1,2,416,L,Overt,4
"[0, 255, 0]",2,5,0.30968,1,2,417,L,Overt,4
"[255, 0, 0]",2,35,0.5233217,1,2,418,L,Overt,4
"[0, 255, 0]",2,15,0.3385051,1,2,419,L,Overt,4
"[0, 255, 0]",2,35,0.4231991,1,2,420,L,Overt,4
"[255, 0, 0]",2,0,0.5334545,1,2,421,L,Overt,4
"[0, 255, 0]",2,20,0.2522472,1,2,422,L,Overt,4
"[255, 0, 0]",2,10,0.4689412,1,2,423,L,Overt,4
"[0, 0, 255]",2,40,0.603677,1,3,424,L,Overt,4
"[0, 0, 255]",2,20,0.3210013,1,3,425,L,Overt,4
"[255, 0, 0]",2,25,0.389757,1,3,426,L,Overt,4
"[0, 0, 255]",2,10,0.5120708,1,3,427,L,Overt,4
"[0, 0, 255]",2,5,0.5776722,1,3,428,L,Overt,4
"[0, 0, 255]",2,0,0.2518992,1,3,429,L,Overt,4
"[0, 0, 255]",2,0,0.2707665,1,3,430,L,Overt,4
"[0, 0, 255]",2,35,0.4672659,1,3,431,L,Overt,4
"[255, 0, 0]",2,40,0.6229599,1,3,432,L,Overt,4
"[255, 0, 0]",2,5,0.5066128,1,3,433,L,Overt,4
"[255, 0, 0]",2,10,0.4036454,1,3,434,L,Overt,4
"[0, 0, 255]",2,0,0.3411226,1,3,435,L,Overt,4
"[255, 255, 0]",2,20,0.8886398,1,3,436,L,Overt,4
"[0, 0, 255]",2,0,0.4371665,1,3,437,L,Overt,4
"[255, 0, 0]",2,0,0.6816407,1,3,438,L,Overt,4
"[255, 0, 0]",2,10,0.2991546,1,3,439,L,Overt,4
"[0, 0, 255]",2,20,0.5091996,1,3,440,L,Overt,4
"[255, 255, 0]",2,15,0.6981854,1,3,441,L,Overt,4
"[255, 0, 0]",2,25,0.8219248,1,3,442,L,Overt,4
"[0, 0, 255]",2,40,0.8257579,1,3,443,L,Overt,4
"[255, 255, 0]",2,30,0.7804518,1,3,444,L,Overt,4
"[255, 255, 0]",2,10,0.772379,1,3,445,L,Overt,4
"[255, 0, 0]",2,30,0.8447249,1,3,446,L,Overt,4
"[255, 255, 0]",2,25,0.4525913,1,3,447,L,Overt,4
"[0, 0, 255]",2,35,0.5291347,1,3,448,L,Overt,4
"[255, 0, 0]",2,15,0.4566425,1,3,449,L,Overt,4
"[0, 0, 255]",2,40,0.5621838,1,3,450,L,Overt,4
"[255, 0, 0]",2,20,0.4499355,1,3,451,L,Overt,4
"[255, 255, 0]",2,20,0.4451882,1,3,452,L,Overt,4
"[255, 255, 0]",2,40,0.4117069,1,3,453,L,Overt,4
"[255, 255, 0]",2,10,0.4458408,1,3,454,L,Overt,4
"[0, 0, 255]",2,25,0.4256721,1,3,455,L,Overt,4
"[0, 0, 255]",2,35,0.3913988,1,3,456,L,Overt,4
"[255, 0, 0]",2,0,0.8042064,1,3,457,L,Overt,4
"[0, 0, 255]",2,15,0.4534648,1,3,458,L,Overt,4
"[0, 0, 255]",2,0,0.6232263,1,3,459,L,Overt,4
"[255, 255, 0]",2,15,0.7731535,1,3,460,L,Overt,4
"[255, 255, 0]",2,25,0.9951913,1,3,461,L,Overt,4
"[255, 255, 0]",2,25,0.6692272,1,3,462,L,Overt,4
"[255, 0, 0]",2,35,0.9621854,1,3,463,L,Overt,4
"[255, 0, 0]",2,30,0.3488583,1,3,464,L,Overt,4
"[0, 0, 255]",2,15,0.3666202,1,3,465,L,Overt,4
"[0, 0, 255]",2,20,0.4525722,1,3,466,L,Overt,4
"[0, 0, 255]",2,5,0.4132963,1,3,467,L,Overt,4
"[255, 255, 0]",2,10,0.55147,1,3,468,L,Overt,4
"[255, 255, 0]",2,25,0.4270854,1,3,469,L,Overt,4
"[0, 0, 255]",2,20,0.7223728,1,3,470,L,Overt,4
"[0, 0, 255]",2,40,0.5314784,1,3,471,L,Overt,4
"[0, 0, 255]",2,5,0.4723159,1,3,472,L,Overt,4
"[255, 0, 0]",2,5,0.3892954,1,3,473,L,Overt,4
"[255, 0, 0]",2,35,0.7387039,1,3,474,L,Overt,4
"[255, 0, 0]",2,15,0.3147048,1,3,475,L,Overt,4
"[255, 0, 0]",2,0,0.2716606,1,3,476,L,Overt,4
"[0, 0, 255]",2,40,0.5062159,1,3,477,L,Overt,4
"[255, 0, 0]",2,35,0.6678901,1,3,478,L,Overt,4
"[255, 0, 0]",2,15,0.4377449,1,3,479,L,Overt,4
"[255, 255, 0]",2,15,0.42333,1,3,480,L,Overt,4
"[255, 255, 0]",2,10,0.5055157,1,3,481,L,Overt,4
"[255, 255, 0]",2,40,0.4942957,1,3,482,L,Overt,4
"[255, 255, 0]",2,30,0.4344446,1,3,483,L,Overt,4
"[255, 255, 0]",2,25,0.4773272,1,3,484,L,Overt,4
"[255, 255, 0]",2,25,0.5089363,1,3,485,L,Overt,4
"[255, 255, 0]",2,0,0.2142224,1,3,486,L,Overt,4
"[0, 0, 255]",2,30,0.4456616,1,3,487,L,Overt,4
"[255, 255, 0]",2,10,0.489513,1,3,488,L,Overt,4
"[255, 0, 0]",2,35,0.4150369,1,3,489,L,Overt,4
"[0, 0, 255]",2,5,0.390698,1,3,490,L,Overt,4
"[255, 255, 0]",2,40,0.5863454,1,3,491,L,Overt,4
"[255, 255, 0]",2,30,0.6206643,1,3,492,L,Overt,4
"[255, 255, 0]",2,0,0.4341872,1,3,493,L,Overt,4
"[255, 255, 0]",2,15,0.4814061,1,3,494,L,Overt,4
"[255, 255, 0]",2,30,0.4274933,1,3,495,L,Overt,4
"[255, 255, 0]",2,40,0.4331868,1,3,496,L,Overt,4
"[255, 255, 0]",2,35,0.3949742,1,3,497,L,Overt,4
"[0, 0, 255]",2,15,0.9132856,1,3,498,L,Overt,4
"[255, 255, 0]",2,20,0.3568212,1,3,499,L,Overt,4
"[255, 255, 0]",2,30,0.3401217,1,3,500,L,Overt,4
"[255, 0, 0]",2,25,0.4267431,1,3,501,L,Overt,4
"[255, 0, 0]",2,20,0.6405457,1,3,502,L,Overt,4
"[255, 255, 0]",2,5,0.5107977,1,3,503,L,Overt,4
"[0, 0, 255]",2,5,0.2790941,1,3,504,L,Overt,4
"[0, 0, 255]",2,25,0.5457595,1,3,505,L,Overt,4
"[255, 0, 0]",2,25,0.4639716,1,3,506,L,Overt,4
"[255, 0, 0]",2,35,0.5348795,1,3,507,L,Overt,4
"[255, 255, 0]",2,15,0.5140426,1,3,508,L,Overt,4
"[255, 255, 0]",2,35,0.4037238,1,3,509,L,Overt,4
"[255, 255, 0]",2,30,0.291841,1,3,510,L,Overt,4
"[255, 0, 0]",2,0,0.5558395,1,3,511,L,Overt,4
"[255, 255, 0]",2,10,0.3903833,1,3,512,L,Overt,4
"[255, 0, 0]",2,0,0.4240055,1,3,513,L,Overt,4
"[255, 255, 0]",2,20,0.5701004,1,3,514,L,Overt,4
"[255, 0, 0]",2,40,0.6256476,1,3,515,L,Overt,4
"[255, 255, 0]",2,0,0.6537528,1,3,516,L,Overt,4
"[255, 255, 0]",2,30,0.3363619,1,3,517,L,Overt,4
"[255, 0, 0]",2,10,0.3756198,1,3,518,L,Overt,4
"[255, 0, 0]",2,5,0.3572664,1,3,519,L,Overt,4
"[0, 0, 255]",2,15,0.4263524,1,3,520,L,Overt,4
"[255, 0, 0]",2,30,0.5504827,1,3,521,L,Overt,4
"[255, 255, 0]",2,5,0.3618476,1,3,522,L,Overt,4
"[255, 0, 0]",2,5,0.343276,1,3,523,L,Overt,4
"[255, 0, 0]",2,20,0.3377207,1,3,524,L,Overt,4
"[255, 255, 0]",2,20,0.5386213,1,3,525,L,Overt,4
"[255, 255, 0]",2,10,0.4160747,1,3,526,L,Overt,4
"[255, 255, 0]",2,20,0.3749768,1,3,527,L,Overt,4
"[0, 0, 255]",2,10,0.3389867,1,3,528,L,Overt,4
"[255, 0, 0]",2,5,0.3854862,1,3,529,L,Overt,4
"[255, 0, 0]",2,30,0.4523625,1,3,530,L,Overt,4
"[255, 0, 0]",2,30,0.5556606,1,3,531,L,Overt,4
"[0, 0, 255]",2,20,0.4709165,1,3,532,L,Overt,4
"[0, 0, 255]",2,15,0.4363336,1,3,533,L,Overt,4
"[255, 0, 0]",2,40,0.4981769,1,3,534,L,Overt,4
"[255, 0, 0]",2,35,0.6986911,1,3,535,L,Overt,4
"[0, 0, 255]",2,20,0.3621724,1,3,536,L,Overt,4
"[0, 0, 255]",2,25,0.5405159,1,3,537,L,Overt,4
"[0, 0, 255]",2,40,0.5224316,1,3,538,L,Overt,4
"[0, 0, 255]",2,40,0.4453436,1,3,539,L,Overt,4
"[255, 255, 0]",2,5,0.375219,1,3,540,L,Overt,4
"[255, 255, 0]",2,35,0.2259616,1,3,541,L,Overt,4
"[0, 0, 255]",2,15,0.3287188,1,3,542,L,Overt,4
"[255, 0, 0]",2,5,0.4464045,1,3,543,L,Overt,4
"[255, 255, 0]",2,5,0.3677649,1,3,544,L,Overt,4
"[0, 0, 255]",2,15,0.334806,1,3,545,L,Overt,4
"[255, 255, 0]",2,35,0.249145,1,3,546,L,Overt,4
"[255, 0, 0]",2,25,0.4923784,1,3,547,L,Overt,4
"[255, 0, 0]",2,25,0.4241981,1,3,548,L,Overt,4
"[255, 0, 0]",2,35,0.5645153,1,3,549,L,Overt,4
"[0, 0, 255]",2,35,0.6461044,1,3,550,L,Overt,4
"[255, 0, 0]",2,0,0.3443198,1,3,551,L,Overt,4
"[255, 255, 0]",2,10,0.6244508,1,3,552,L,Overt,4
"[0, 0, 255]",2,10,0.4599192,1,3,553,L,Overt,4
"[0, 0, 255]",2,30,0.4600625,1,3,554,L,Overt,4
"[255, 0, 0]",2,30,0.4948366,1,3,555,L,Overt,4
"[255, 255, 0]",2,10,0.4643083,1,3,556,L,Overt,4
"[255, 0, 0]",2,40,0.4901043,1,3,557,L,Overt,4
"[255, 0, 0]",2,0,0.3873069,1,3,558,L,Overt,4