Trial,Eccentricity (degrees),Reaction Time (s),Direction,Color,Correctness,1/2/3 Colors,Name,Attention,Circle Size (degrees)
1,10,0.419065,0,"[255, 0, 0]",1,1,I,Overt,4
2,15,0.2893277,2,"[255, 0, 0]",1,1,I,Overt,4
3,30,0.2289169,2,"[255, 0, 0]",1,1,I,Overt,4
4,35,0.1945482,0,"[255, 0, 0]",1,1,I,Overt,4
5,25,0.1655802,2,"[255, 0, 0]",1,1,I,Overt,4
6,0,0.202322,2,"[255, 0, 0]",1,1,I,Overt,4
7,10,0.1984746,0,"[255, 0, 0]",1,1,I,Overt,4
8,25,0.2895178,2,"[255, 0, 0]",1,1,I,Overt,4
9,25,0.4748904,0,"[255, 0, 0]",1,1,I,Overt,4
10,15,0.256999,2,"[255, 0, 0]",1,1,I,Overt,4
11,0,0.3179645,2,"[255, 0, 0]",1,1,I,Overt,4
12,0,0.2492159,0,"[255, 0, 0]",1,1,I,Overt,4
13,25,0.3449406,2,"[255, 0, 0]",1,1,I,Overt,4
14,5,0.2645537,0,"[255, 0, 0]",1,1,I,Overt,4
15,20,0.3308181,2,"[255, 0, 0]",1,1,I,Overt,4
16,5,0.346718,2,"[255, 0, 0]",1,1,I,Overt,4
17,30,0.576877,2,"[255, 0, 0]",1,1,I,Overt,4
18,10,0.2987875,2,"[255, 0, 0]",1,1,I,Overt,4
19,20,0.3504858,0,"[255, 0, 0]",1,1,I,Overt,4
20,15,0.2273872,2,"[255, 0, 0]",1,1,I,Overt,4
21,35,0.3022592,0,"[255, 0, 0]",1,1,I,Overt,4
22,10,0.2733908,2,"[255, 0, 0]",1,1,I,Overt,4
23,35,0.2006334,2,"[255, 0, 0]",1,1,I,Overt,4
24,25,0.2845498,2,"[255, 0, 0]",1,1,I,Overt,4
25,40,0.4245084,2,"[255, 0, 0]",1,1,I,Overt,4
26,40,0.3173418,0,"[255, 0, 0]",1,1,I,Overt,4
27,5,0.2464269,2,"[255, 0, 0]",1,1,I,Overt,4
28,25,0.4037581,0,"[255, 0, 0]",1,1,I,Overt,4
29,0,0.2783578,0,"[255, 0, 0]",1,1,I,Overt,4
30,40,0.3490521,0,"[255, 0, 0]",1,1,I,Overt,4
31,15,0.335142,0,"[255, 0, 0]",1,1,I,Overt,4
32,40,0.2923781,2,"[255, 0, 0]",1,1,I,Overt,4
33,20,0.4122601,0,"[255, 0, 0]",1,1,I,Overt,4
34,5,0.3174565,2,"[255, 0, 0]",1,1,I,Overt,4
35,5,0.3038365,0,"[255, 0, 0]",1,1,I,Overt,4
36,0,0.2465926,2,"[255, 0, 0]",1,1,I,Overt,4
37,20,0.5810546,2,"[255, 0, 0]",1,1,I,Overt,4
38,20,0.2990977,2,"[255, 0, 0]",1,1,I,Overt,4
39,20,0.3358531,0,"[255, 0, 0]",1,1,I,Overt,4
40,35,0.2859449,0,"[255, 0, 0]",1,1,I,Overt,4
41,40,0.2631956,0,"[255, 0, 0]",1,1,I,Overt,4
42,30,0.3617936,0,"[255, 0, 0]",1,1,I,Overt,4
43,30,0.1796703,0,"[255, 0, 0]",1,1,I,Overt,4
44,10,0.2876222,2,"[255, 0, 0]",1,1,I,Overt,4
45,30,0.4381707,0,"[255, 0, 0]",1,1,I,Overt,4
46,15,0.4662721,0,"[255, 0, 0]",1,1,I,Overt,4
47,10,0.2424048,0,"[255, 0, 0]",1,1,I,Overt,4
48,15,0.2241793,0,"[255, 0, 0]",1,1,I,Overt,4
49,5,0.2335097,2,"[255, 0, 0]",1,1,I,Overt,4
50,40,0.3835749,0,"[255, 0, 0]",1,1,I,Overt,4
51,10,0.3511578,2,"[255, 0, 0]",1,1,I,Overt,4
52,20,0.3333396,0,"[255, 0, 0]",1,1,I,Overt,4
53,30,0.4645456,2,"[255, 0, 0]",1,1,I,Overt,4
54,30,0.5090962,0,"[255, 0, 0]",1,1,I,Overt,4
55,0,0.3623849,0,"[255, 0, 0]",1,1,I,Overt,4
56,15,0.3046862,0,"[255, 0, 0]",1,1,I,Overt,4
57,40,0.3642616,2,"[255, 0, 0]",1,1,I,Overt,4
58,35,0.2994308,2,"[255, 0, 0]",1,1,I,Overt,4
59,5,0.183728,0,"[255, 0, 0]",1,1,I,Overt,4
60,20,0.2803386,2,"[255, 0, 0]",1,1,I,Overt,4
61,40,0.2766829,2,"[255, 0, 0]",1,1,I,Overt,4
62,10,0.2327922,0,"[255, 0, 0]",1,1,I,Overt,4
63,15,0.4494728,2,"[255, 0, 0]",1,1,I,Overt,4
64,35,0.3200531,0,"[255, 0, 0]",1,1,I,Overt,4
65,35,0.2285778,2,"[255, 0, 0]",1,1,I,Overt,4
66,25,0.3099163,0,"[255, 0, 0]",1,1,I,Overt,4
67,25,0.3009825,0,"[255, 0, 0]",1,1,I,Overt,4
68,5,0.2189098,0,"[255, 0, 0]",1,1,I,Overt,4
69,35,0.2602748,2,"[255, 0, 0]",1,1,I,Overt,4
70,0,0.2951096,0,"[255, 0, 0]",1,1,I,Overt,4
71,30,0.5029223,2,"[255, 0, 0]",1,1,I,Overt,4
72,0,0.2830602,2,"[255, 0, 0]",1,1,I,Overt,4
73,35,0.4800839,0,"[0, 255, 0]",1,2,I,Overt,4
74,40,0.47361,0,"[255, 0, 0]",1,2,I,Overt,4
75,20,0.3847963,0,"[255, 0, 0]",1,2,I,Overt,4
76,5,0.3214875,2,"[0, 255, 0]",1,2,I,Overt,4
77,10,0.3959032,2,"[255, 0, 0]",1,2,I,Overt,4
78,10,0.2431352,0,"[0, 255, 0]",1,2,I,Overt,4
79,15,0.3417492,0,"[255, 0, 0]",1,2,I,Overt,4
80,0,0.4539486,2,"[0, 255, 0]",1,2,I,Overt,4
81,10,0.3678663,2,"[0, 255, 0]",1,2,I,Overt,4
82,40,0.45437,0,"[0, 255, 0]",1,2,I,Overt,4
83,25,0.3966978,0,"[0, 255, 0]",0,2,I,Overt,4
84,10,0.3041411,2,"[0, 255, 0]",1,2,I,Overt,4
85,0,0.3450599,0,"[0, 255, 0]",1,2,I,Overt,4
86,25,0.4225379,0,"[255, 0, 0]",1,2,I,Overt,4
87,20,0.4436887,0,"[0, 255, 0]",1,2,I,Overt,4
88,0,0.6051226,2,"[0, 255, 0]",1,2,I,Overt,4
89,20,0.3679267,0,"[0, 255, 0]",1,2,I,Overt,4
90,35,0.4113113,0,"[0, 255, 0]",1,2,I,Overt,4
91,35,0.3797369,0,"[0, 255, 0]",1,2,I,Overt,4
92,20,0.4561841,0,"[255, 0, 0]",1,2,I,Overt,4
93,20,0.4359573,0,"[0, 255, 0]",1,2,I,Overt,4
94,30,0.4563089,2,"[255, 0, 0]",1,2,I,Overt,4
95,20,0.2853011,2,"[255, 0, 0]",1,2,I,Overt,4
96,0,0.5040563,0,"[0, 255, 0]",1,2,I,Overt,4
97,20,0.4824194,0,"[255, 0, 0]",1,2,I,Overt,4
98,30,0.4903381,2,"[255, 0, 0]",0,2,I,Overt,4
99,40,0.3351193,2,"[0, 255, 0]",0,2,I,Overt,4
100,30,0.4191215,2,"[255, 0, 0]",1,2,I,Overt,4
101,15,0.3132489,0,"[255, 0, 0]",1,2,I,Overt,4
102,35,0.3599546,2,"[0, 255, 0]",1,2,I,Overt,4
103,15,0.3783636,0,"[255, 0, 0]",1,2,I,Overt,4
104,5,0.7244306,2,"[255, 0, 0]",0,2,I,Overt,4
105,40,0.4038693,0,"[255, 0, 0]",1,2,I,Overt,4
106,35,0.4614015,0,"[255, 0, 0]",1,2,I,Overt,4
107,5,0.4851572,0,"[255, 0, 0]",1,2,I,Overt,4
108,20,0.4326117,0,"[255, 0, 0]",1,2,I,Overt,4
109,15,0.4229285,2,"[255, 0, 0]",1,2,I,Overt,4
110,30,0.3242136,0,"[255, 0, 0]",1,2,I,Overt,4
111,0,0.4635547,2,"[0, 255, 0]",1,2,I,Overt,4
112,15,0.5378211,2,"[255, 0, 0]",1,2,I,Overt,4
113,15,0.4490106,2,"[0, 255, 0]",1,2,I,Overt,4
114,10,0.4833981,0,"[255, 0, 0]",1,2,I,Overt,4
115,25,0.5674063,2,"[255, 0, 0]",1,2,I,Overt,4
116,0,0.4748024,0,"[0, 255, 0]",1,2,I,Overt,4
117,30,0.3699492,0,"[255, 0, 0]",1,2,I,Overt,4
118,35,0.4219508,0,"[0, 255, 0]",1,2,I,Overt,4
119,30,0.3927456,2,"[255, 0, 0]",1,2,I,Overt,4
120,10,0.5891631,0,"[0, 255, 0]",1,2,I,Overt,4
121,25,0.4478155,2,"[0, 255, 0]",1,2,I,Overt,4
122,35,0.4730824,2,"[0, 255, 0]",1,2,I,Overt,4
123,10,0.4071206,0,"[255, 0, 0]",1,2,I,Overt,4
124,35,0.4674167,2,"[255, 0, 0]",1,2,I,Overt,4
125,30,0.4771855,0,"[255, 0, 0]",1,2,I,Overt,4
126,35,0.5989588,2,"[0, 255, 0]",1,2,I,Overt,4
127,10,0.4820645,0,"[0, 255, 0]",0,2,I,Overt,4
128,25,0.6946907,0,"[255, 0, 0]",1,2,I,Overt,4
129,15,0.3833562,2,"[0, 255, 0]",1,2,I,Overt,4
130,0,0.3603795,2,"[0, 255, 0]",1,2,I,Overt,4
131,5,0.3721273,0,"[0, 255, 0]",1,2,I,Overt,4
132,25,0.3798123,0,"[0, 255, 0]",1,2,I,Overt,4
133,40,0.4760086,0,"[0, 255, 0]",1,2,I,Overt,4
134,10,0.3348833,2,"[255, 0, 0]",1,2,I,Overt,4
135,40,0.3725693,2,"[255, 0, 0]",0,2,I,Overt,4
136,40,0.8086234,2,"[255, 0, 0]",1,2,I,Overt,4
137,15,0.4535907,0,"[255, 0, 0]",1,2,I,Overt,4
138,10,0.6821669,0,"[255, 0, 0]",1,2,I,Overt,4
139,0,0.3718205,2,"[255, 0, 0]",1,2,I,Overt,4
140,30,0.4196895,0,"[0, 255, 0]",1,2,I,Overt,4
141,30,0.5214044,2,"[0, 255, 0]",1,2,I,Overt,4
142,0,0.4481264,2,"[0, 255, 0]",1,2,I,Overt,4
143,25,0.399358,2,"[0, 255, 0]",1,2,I,Overt,4
144,15,0.5327,2,"[255, 0, 0]",1,2,I,Overt,4
145,25,0.4472599,2,"[255, 0, 0]",1,2,I,Overt,4
146,40,0.4052809,2,"[255, 0, 0]",1,2,I,Overt,4
147,35,0.4494016,0,"[0, 255, 0]",1,2,I,Overt,4
148,25,0.3697771,0,"[255, 0, 0]",1,2,I,Overt,4
149,20,0.3954732,2,"[0, 255, 0]",1,2,I,Overt,4
150,30,0.3689749,2,"[255, 0, 0]",1,2,I,Overt,4
151,0,0.4269541,0,"[0, 255, 0]",1,2,I,Overt,4
152,40,0.7556313,2,"[255, 0, 0]",1,2,I,Overt,4
153,10,0.3949314,0,"[0, 255, 0]",1,2,I,Overt,4
154,0,0.289667,0,"[0, 255, 0]",1,2,I,Overt,4
155,15,0.3407751,2,"[255, 0, 0]",1,2,I,Overt,4
156,20,0.5235924,2,"[0, 255, 0]",1,2,I,Overt,4
157,35,0.5307264,2,"[0, 255, 0]",1,2,I,Overt,4
158,15,0.4908406,2,"[0, 255, 0]",1,2,I,Overt,4
159,15,0.3950613,2,"[0, 255, 0]",1,2,I,Overt,4
160,10,0.5451208,0,"[0, 255, 0]",1,2,I,Overt,4
161,30,0.4211901,2,"[255, 0, 0]",1,2,I,Overt,4
162,10,0.3093379,2,"[0, 255, 0]",1,2,I,Overt,4
163,5,0.3974687,2,"[0, 255, 0]",1,2,I,Overt,4
164,0,0.3838444,0,"[0, 255, 0]",1,2,I,Overt,4
165,0,0.3293382,0,"[255, 0, 0]",1,2,I,Overt,4
166,40,0.4535762,2,"[0, 255, 0]",1,2,I,Overt,4
167,35,0.5992134,2,"[255, 0, 0]",1,2,I,Overt,4
168,35,0.5730582,2,"[0, 255, 0]",1,2,I,Overt,4
169,30,0.5612893,0,"[255, 0, 0]",1,2,I,Overt,4
170,5,0.5240732,2,"[255, 0, 0]",1,2,I,Overt,4
171,20,0.4680603,0,"[0, 255, 0]",1,2,I,Overt,4
172,25,0.4124314,2,"[255, 0, 0]",1,2,I,Overt,4
173,5,0.3042292,2,"[0, 255, 0]",1,2,I,Overt,4
174,15,0.3774309,0,"[255, 0, 0]",1,2,I,Overt,4
175,35,0.5793534,0,"[0, 255, 0]",1,2,I,Overt,4
176,10,0.7065317,2,"[255, 0, 0]",1,2,I,Overt,4
177,40,0.4441975,2,"[0, 255, 0]",1,2,I,Overt,4
178,5,0.5212955,0,"[255, 0, 0]",1,2,I,Overt,4
179,30,0.4061061,2,"[0, 255, 0]",1,2,I,Overt,4
180,30,0.5240297,0,"[255, 0, 0]",1,2,I,Overt,4
181,40,0.6881002,0,"[0, 255, 0]",1,2,I,Overt,4
182,0,0.4026648,2,"[255, 0, 0]",1,2,I,Overt,4
183,25,0.4391172,2,"[255, 0, 0]",1,2,I,Overt,4
184,35,0.4608788,0,"[255, 0, 0]",1,2,I,Overt,4
185,0,0.3234796,2,"[0, 255, 0]",1,2,I,Overt,4
186,15,0.2419412,2,"[0, 255, 0]",1,2,I,Overt,4
187,0,0.3750371,2,"[0, 255, 0]",1,2,I,Overt,4
188,35,0.34789,0,"[255, 0, 0]",1,2,I,Overt,4
189,10,0.5532592,0,"[0, 255, 0]",1,2,I,Overt,4
190,5,0.3263559,0,"[255, 0, 0]",1,2,I,Overt,4
191,30,0.4861229,2,"[0, 255, 0]",1,2,I,Overt,4
192,10,0.409763,2,"[255, 0, 0]",1,2,I,Overt,4
193,25,0.4250593,0,"[0, 255, 0]",1,2,I,Overt,4
194,5,0.4333172,2,"[0, 255, 0]",1,2,I,Overt,4
195,35,0.4569471,2,"[0, 255, 0]",1,2,I,Overt,4
196,25,0.5983911,2,"[255, 0, 0]",1,2,I,Overt,4
197,40,0.5755769,0,"[255, 0, 0]",1,2,I,Overt,4
198,20,0.4864644,0,"[255, 0, 0]",1,2,I,Overt,4
199,25,0.3642435,0,"[255, 0, 0]",1,2,I,Overt,4
200,25,0.3925592,0,"[255, 0, 0]",1,2,I,Overt,4
201,0,0.400741,0,"[0, 255, 0]",1,2,I,Overt,4
202,40,0.4726008,2,"[0, 255, 0]",1,2,I,Overt,4
203,35,0.4021035,2,"[255, 0, 0]",0,2,I,Overt,4
204,10,0.367768,2,"[255, 0, 0]",1,2,I,Overt,4
205,20,0.4994562,2,"[0, 255, 0]",1,2,I,Overt,4
206,5,0.6897427,0,"[255, 0, 0]",1,2,I,Overt,4
207,25,0.4231607,2,"[0, 255, 0]",1,2,I,Overt,4
208,30,0.5025741,2,"[0, 255, 0]",1,2,I,Overt,4
209,5,0.3343745,0,"[0, 255, 0]",0,2,I,Overt,4
210,5,0.23259,0,"[0, 255, 0]",1,2,I,Overt,4
211,35,0.4361574,0,"[255, 0, 0]",1,2,I,Overt,4
212,20,0.5834642,2,"[255, 0, 0]",1,2,I,Overt,4
213,10,0.3391229,2,"[255, 0, 0]",1,2,I,Overt,4
214,25,0.5614931,2,"[0, 255, 0]",1,2,I,Overt,4
215,20,0.4167558,2,"[255, 0, 0]",1,2,I,Overt,4
216,10,0.3725639,2,"[255, 0, 0]",1,2,I,Overt,4
217,30,0.4763048,2,"[0, 255, 0]",1,2,I,Overt,4
218,5,0.4555848,2,"[0, 255, 0]",1,2,I,Overt,4
219,15,0.4374968,0,"[255, 0, 0]",1,2,I,Overt,4
220,15,0.4846707,2,"[255, 0, 0]",1,2,I,Overt,4
221,25,0.4536427,2,"[0, 255, 0]",1,2,I,Overt,4
222,5,0.538985,2,"[255, 0, 0]",1,2,I,Overt,4
223,15,0.4405376,2,"[0, 255, 0]",1,2,I,Overt,4
224,25,0.2719814,0,"[0, 255, 0]",1,2,I,Overt,4
225,35,0.2887999,2,"[255, 0, 0]",1,2,I,Overt,4
226,20,0.414847,2,"[255, 0, 0]",0,2,I,Overt,4
227,30,0.5341159,0,"[255, 0, 0]",1,2,I,Overt,4
228,0,0.461099,0,"[0, 255, 0]",0,2,I,Overt,4
229,0,0.4330093,2,"[0, 255, 0]",1,2,I,Overt,4
230,0,0.5383217,2,"[255, 0, 0]",1,2,I,Overt,4
231,5,0.3798625,2,"[255, 0, 0]",1,2,I,Overt,4
232,5,0.4604864,0,"[255, 0, 0]",1,2,I,Overt,4
233,5,0.5355853,0,"[0, 255, 0]",1,2,I,Overt,4
234,40,0.670612,0,"[0, 255, 0]",1,2,I,Overt,4
235,15,0.5865735,0,"[255, 0, 0]",1,2,I,Overt,4
236,20,0.5784921,2,"[0, 255, 0]",1,2,I,Overt,4
237,5,0.5992729,0,"[255, 0, 0]",1,2,I,Overt,4
238,5,0.6053247,0,"[0, 255, 0]",1,2,I,Overt,4
239,35,0.440236,2,"[255, 0, 0]",1,2,I,Overt,4
240,40,0.4132816,2,"[255, 0, 0]",1,2,I,Overt,4
241,40,0.5059031,0,"[0, 255, 0]",1,2,I,Overt,4
242,20,0.6002644,0,"[0, 255, 0]",1,2,I,Overt,4
243,10,0.488508,0,"[255, 0, 0]",1,2,I,Overt,4
244,15,1.0984088,0,"[255, 0, 0]",1,2,I,Overt,4
245,10,0.3692713,0,"[0, 255, 0]",1,2,I,Overt,4
246,40,0.5264629,2,"[0, 255, 0]",1,2,I,Overt,4
247,15,0.4424338,0,"[0, 255, 0]",1,2,I,Overt,4
248,20,0.3420796,2,"[0, 255, 0]",1,2,I,Overt,4
249,10,0.5158374,0,"[255, 0, 0]",1,2,I,Overt,4
250,20,0.3868469,0,"[0, 255, 0]",1,2,I,Overt,4
251,25,0.436124,0,"[0, 255, 0]",1,2,I,Overt,4
252,5,0.4228842,2,"[255, 0, 0]",1,2,I,Overt,4
253,30,0.3953613,0,"[0, 255, 0]",1,2,I,Overt,4
254,30,0.514895,2,"[255, 0, 0]",1,2,I,Overt,4
255,25,0.4148449,0,"[0, 255, 0]",1,2,I,Overt,4
256,35,0.421689,2,"[255, 0, 0]",1,2,I,Overt,4
257,10,0.5879492,2,"[0, 255, 0]",1,2,I,Overt,4
258,0,0.5125235,0,"[255, 0, 0]",1,2,I,Overt,4
259,30,0.5388683,0,"[0, 255, 0]",1,2,I,Overt,4
260,20,0.4825068,0,"[255, 0, 0]",1,2,I,Overt,4
261,20,0.4088387,2,"[255, 0, 0]",1,2,I,Overt,4
262,15,0.3762609,0,"[255, 0, 0]",1,2,I,Overt,4
263,15,0.4583137,0,"[0, 255, 0]",0,2,I,Overt,4
264,0,0.4102035,2,"[255, 0, 0]",1,2,I,Overt,4
265,35,0.4921133,0,"[255, 0, 0]",1,2,I,Overt,4
266,30,0.3960911,0,"[255, 0, 0]",1,2,I,Overt,4
267,20,0.3367961,2,"[0, 255, 0]",1,2,I,Overt,4
268,30,0.6739692,0,"[0, 255, 0]",1,2,I,Overt,4
269,15,0.4629371,0,"[0, 255, 0]",1,2,I,Overt,4
270,5,0.4448935,0,"[255, 0, 0]",1,2,I,Overt,4
271,30,0.4431682,0,"[0, 255, 0]",1,2,I,Overt,4
272,40,0.62884,2,"[0, 255, 0]",1,2,I,Overt,4
273,35,0.4904529,0,"[255, 0, 0]",1,2,I,Overt,4
274,25,0.5776176,0,"[255, 0, 0]",1,2,I,Overt,4
275,40,0.488645,0,"[255, 0, 0]",1,2,I,Overt,4
276,25,0.4572346,2,"[0, 255, 0]",1,2,I,Overt,4
277,40,0.5066645,0,"[0, 255, 0]",1,2,I,Overt,4
278,40,0.5955921,2,"[0, 255, 0]",1,2,I,Overt,4
279,0,0.4126593,0,"[255, 0, 0]",1,2,I,Overt,4
280,10,0.6700587,2,"[0, 255, 0]",1,2,I,Overt,4
281,40,0.4031865,0,"[255, 0, 0]",0,2,I,Overt,4
282,15,0.2958578,2,"[255, 0, 0]",1,2,I,Overt,4
283,25,0.6038374,2,"[0, 255, 0]",1,2,I,Overt,4
284,5,0.3309573,2,"[255, 0, 0]",1,2,I,Overt,4
285,20,0.4597145,2,"[255, 0, 0]",1,2,I,Overt,4
286,0,0.3783375,0,"[255, 0, 0]",1,2,I,Overt,4
287,40,0.6789112,0,"[255, 0, 0]",1,2,I,Overt,4
288,5,0.6616974,2,"[0, 255, 0]",1,2,I,Overt,4
289,0,0.4021148,2,"[0, 0, 255]",1,3,I,Overt,4
290,35,0.3486033,0,"[255, 0, 0]",1,3,I,Overt,4
291,20,0.3342545,0,"[255, 255, 0]",1,3,I,Overt,4
292,25,0.2912027,2,"[0, 0, 255]",0,3,I,Overt,4
293,20,0.2921772,0,"[255, 255, 0]",1,3,I,Overt,4
294,40,0.2971544,0,"[255, 0, 0]",1,3,I,Overt,4
295,15,0.3487372,0,"[0, 0, 255]",1,3,I,Overt,4
296,15,0.621647,2,"[255, 0, 0]",1,3,I,Overt,4
297,5,0.4399358,2,"[255, 255, 0]",1,3,I,Overt,4
298,10,0.4221726,2,"[255, 0, 0]",1,3,I,Overt,4
299,5,0.5114072,2,"[255, 255, 0]",1,3,I,Overt,4
300,5,0.455002,2,"[255, 0, 0]",0,3,I,Overt,4
301,30,0.2976191,2,"[255, 0, 0]",1,3,I,Overt,4
302,20,0.4369674,0,"[255, 255, 0]",1,3,I,Overt,4
303,0,0.3887539,2,"[255, 255, 0]",1,3,I,Overt,4
304,10,0.6144182,0,"[255, 255, 0]",1,3,I,Overt,4
305,30,0.2733532,0,"[255, 255, 0]",1,3,I,Overt,4
306,10,0.47797,0,"[0, 0, 255]",1,3,I,Overt,4
307,40,0.3826326,2,"[255, 0, 0]",1,3,I,Overt,4
308,30,0.3739377,2,"[255, 0, 0]",1,3,I,Overt,4
309,30,0.398456,2,"[0, 0, 255]",1,3,I,Overt,4
310,30,0.4482234,0,"[255, 0, 0]",1,3,I,Overt,4
311,0,0.5091538,2,"[255, 255, 0]",1,3,I,Overt,4
312,25,0.4300232,0,"[255, 0, 0]",1,3,I,Overt,4
313,20,0.5791606,0,"[0, 0, 255]",1,3,I,Overt,4
314,20,0.4592839,0,"[0, 0, 255]",1,3,I,Overt,4
315,15,0.4748016,2,"[255, 0, 0]",1,3,I,Overt,4
316,25,0.4585314,0,"[0, 0, 255]",0,3,I,Overt,4
317,30,0.3342066,0,"[0, 0, 255]",1,3,I,Overt,4
318,20,0.2898485,2,"[255, 255, 0]",1,3,I,Overt,4
319,30,0.6660363,0,"[255, 255, 0]",1,3,I,Overt,4
320,20,0.4171548,2,"[0, 0, 255]",1,3,I,Overt,4
321,30,0.521749,0,"[255, 0, 0]",1,3,I,Overt,4
322,35,0.5706857,2,"[255, 0, 0]",1,3,I,Overt,4
323,20,0.420797,0,"[255, 0, 0]",1,3,I,Overt,4
324,40,0.3631817,2,"[255, 0, 0]",1,3,I,Overt,4
325,35,0.4737324,2,"[255, 0, 0]",1,3,I,Overt,4
326,35,0.3276209,0,"[0, 0, 255]",1,3,I,Overt,4
327,20,0.6040497,0,"[255, 0, 0]",1,3,I,Overt,4
328,15,0.5441396,0,"[255, 0, 0]",0,3,I,Overt,4
329,25,0.303703,0,"[255, 0, 0]",1,3,I,Overt,4
330,10,0.5078311,0,"[255, 255, 0]",1,3,I,Overt,4
331,15,0.5051093,2,"[0, 0, 255]",0,3,I,Overt,4
332,15,0.4439189,0,"[0, 0, 255]",1,3,I,Overt,4
333,15,0.4861177,2,"[0, 0, 255]",1,3,I,Overt,4
334,40,0.470981,2,"[0, 0, 255]",1,3,I,Overt,4
335,25,0.6274179,0,"[255, 0, 0]",0,3,I,Overt,4
336,10,0.448588,0,"[255, 0, 0]",1,3,I,Overt,4
337,5,0.461859,0,"[0, 0, 255]",1,3,I,Overt,4
338,0,0.4679124,2,"[0, 0, 255]",1,3,I,Overt,4
339,25,0.4121672,2,"[255, 0, 0]",1,3,I,Overt,4
340,20,0.4285185,2,"[255, 0, 0]",1,3,I,Overt,4
341,10,0.4844921,2,"[255, 255, 0]",1,3,I,Overt,4
342,0,0.5111047,2,"[255, 255, 0]",1,3,I,Overt,4
343,30,0.6004831,0,"[0, 0, 255]",0,3,I,Overt,4
344,30,0.5982877,2,"[255, 0, 0]",0,3,I,Overt,4
345,35,0.5858345,2,"[255, 255, 0]",1,3,I,Overt,4
346,25,0.4443166,0,"[255, 255, 0]",1,3,I,Overt,4
347,15,0.4779692,2,"[255, 0, 0]",1,3,I,Overt,4
348,35,0.4603753,0,"[255, 0, 0]",1,3,I,Overt,4
349,30,0.3842876,0,"[0, 0, 255]",0,3,I,Overt,4
350,0,0.4191351,2,"[255, 0, 0]",1,3,I,Overt,4
351,15,0.6044308,0,"[255, 255, 0]",1,3,I,Overt,4
352,10,0.4195009,0,"[0, 0, 255]",1,3,I,Overt,4
353,25,0.4807874,2,"[255, 0, 0]",1,3,I,Overt,4
354,30,0.329778,2,"[0, 0, 255]",1,3,I,Overt,4
355,10,0.430457,2,"[255, 255, 0]",1,3,I,Overt,4
356,0,0.4367903,0,"[0, 0, 255]",1,3,I,Overt,4
357,25,0.41416,2,"[0, 0, 255]",1,3,I,Overt,4
358,5,0.3843346,2,"[0, 0, 255]",1,3,I,Overt,4
359,25,0.5320591,0,"[255, 0, 0]",1,3,I,Overt,4
360,5,0.4429758,0,"[255, 255, 0]",1,3,I,Overt,4
361,10,0.4246712,0,"[255, 0, 0]",1,3,I,Overt,4
362,20,0.411531,0,"[255, 255, 0]",1,3,I,Overt,4
363,10,0.3777156,0,"[255, 0, 0]",1,3,I,Overt,4
364,20,0.3872549,0,"[0, 0, 255]",0,3,I,Overt,4
365,25,0.566718,0,"[255, 255, 0]",1,3,I,Overt,4
366,15,0.3645351,0,"[255, 255, 0]",1,3,I,Overt,4
367,10,0.5954286,2,"[255, 255, 0]",1,3,I,Overt,4
368,35,0.4074874,0,"[0, 0, 255]",0,3,I,Overt,4
369,10,0.5280469,2,"[255, 0, 0]",1,3,I,Overt,4
370,20,0.3561722,0,"[0, 0, 255]",1,3,I,Overt,4
371,35,0.4159223,0,"[255, 255, 0]",1,3,I,Overt,4
372,10,0.486101,0,"[255, 0, 0]",1,3,I,Overt,4
373,30,0.5132163,0,"[0, 0, 255]",1,3,I,Overt,4
374,35,0.3130098,2,"[0, 0, 255]",1,3,I,Overt,4
375,10,0.6058369,2,"[255, 0, 0]",0,3,I,Overt,4
376,0,0.4038115,2,"[255, 255, 0]",1,3,I,Overt,4
377,40,0.5534023,2,"[0, 0, 255]",1,3,I,Overt,4
378,35,0.4044942,0,"[255, 255, 0]",1,3,I,Overt,4
379,15,0.4084259,2,"[255, 255, 0]",1,3,I,Overt,4
380,30,0.4623206,2,"[0, 0, 255]",1,3,I,Overt,4
381,40,0.4865376,0,"[0, 0, 255]",1,3,I,Overt,4
382,40,0.5257625,2,"[255, 0, 0]",1,3,I,Overt,4
383,0,0.6330481,2,"[255, 0, 0]",1,3,I,Overt,4
384,5,0.2725779,0,"[255, 0, 0]",1,3,I,Overt,4
385,25,0.3837334,2,"[0, 0, 255]",1,3,I,Overt,4
386,30,0.4259719,2,"[255, 255, 0]",1,3,I,Overt,4
387,5,0.4078589,0,"[255, 255, 0]",1,3,I,Overt,4
388,30,0.4409953,2,"[0, 0, 255]",1,3,I,Overt,4
389,15,0.4372747,0,"[255, 255, 0]",1,3,I,Overt,4
390,25,0.4853137,2,"[0, 0, 255]",1,3,I,Overt,4
391,40,0.6339959,2,"[0, 0, 255]",1,3,I,Overt,4
392,25,0.4592067,0,"[255, 0, 0]",1,3,I,Overt,4
393,10,0.3822299,2,"[255, 0, 0]",1,3,I,Overt,4
394,5,0.4336493,0,"[0, 0, 255]",1,3,I,Overt,4
395,20,0.4331783,2,"[255, 255, 0]",1,3,I,Overt,4
396,30,0.2993348,2,"[0, 0, 255]",1,3,I,Overt,4
397,15,0.452994,2,"[255, 255, 0]",1,3,I,Overt,4
398,0,0.4883492,0,"[255, 255, 0]",1,3,I,Overt,4
399,20,0.3438843,0,"[0, 0, 255]",1,3,I,Overt,4
400,40,0.4903694,0,"[0, 0, 255]",1,3,I,Overt,4
401,15,0.2695045,2,"[0, 0, 255]",1,3,I,Overt,4
402,40,0.5291174,0,"[255, 255, 0]",1,3,I,Overt,4
403,10,0.3994616,2,"[255, 255, 0]",1,3,I,Overt,4
404,35,0.2793277,0,"[0, 0, 255]",1,3,I,Overt,4
405,30,0.5842432,2,"[255, 0, 0]",0,3,I,Overt,4
406,5,0.3371956,0,"[255, 255, 0]",1,3,I,Overt,4
407,15,0.4956184,2,"[0, 0, 255]",1,3,I,Overt,4
408,35,0.6621082,0,"[0, 0, 255]",1,3,I,Overt,4
409,5,0.3971084,0,"[255, 255, 0]",1,3,I,Overt,4
410,25,0.7136765,2,"[0, 0, 255]",0,3,I,Overt,4
411,40,0.3684059,0,"[255, 255, 0]",1,3,I,Overt,4
412,30,0.359589,0,"[255, 255, 0]",1,3,I,Overt,4
413,30,0.55353,2,"[255, 0, 0]",1,3,I,Overt,4
414,35,0.3971099,2,"[0, 0, 255]",1,3,I,Overt,4
415,5,0.4620711,2,"[255, 255, 0]",1,3,I,Overt,4
416,0,1.0516824,0,"[255, 255, 0]",1,3,I,Overt,4
417,40,0.4596069,2,"[255, 0, 0]",1,3,I,Overt,4
418,5,0.4003681,2,"[0, 0, 255]",1,3,I,Overt,4
419,0,0.1545064,0,"[255, 255, 0]",0,3,I,Overt,4
420,35,0.3889834,2,"[255, 0, 0]",1,3,I,Overt,4
421,40,0.3572982,0,"[0, 0, 255]",1,3,I,Overt,4
422,0,0.4073275,0,"[255, 0, 0]",1,3,I,Overt,4
423,5,0.349816,0,"[0, 0, 255]",1,3,I,Overt,4
424,40,0.601998,2,"[0, 0, 255]",1,3,I,Overt,4
425,20,0.4751048,0,"[255, 0, 0]",1,3,I,Overt,4
426,20,0.5073033,2,"[255, 255, 0]",1,3,I,Overt,4
427,10,0.3325719,0,"[255, 0, 0]",0,3,I,Overt,4
428,30,0.4302036,0,"[255, 255, 0]",1,3,I,Overt,4
429,35,0.4746681,2,"[0, 0, 255]",1,3,I,Overt,4
430,35,0.3935498,2,"[0, 0, 255]",1,3,I,Overt,4
431,15,0.4448562,0,"[0, 0, 255]",1,3,I,Overt,4
432,5,0.2464064,2,"[255, 0, 0]",1,3,I,Overt,4
433,10,0.7928021,0,"[255, 255, 0]",0,3,I,Overt,4
434,15,0.3273901,0,"[255, 255, 0]",1,3,I,Overt,4
435,40,0.406739,2,"[255, 0, 0]",1,3,I,Overt,4
436,10,0.4175243,2,"[0, 0, 255]",1,3,I,Overt,4
437,25,0.2496184,0,"[0, 0, 255]",1,3,I,Overt,4
438,25,0.4918815,0,"[255, 0, 0]",1,3,I,Overt,4
439,25,0.5196445,0,"[0, 0, 255]",1,3,I,Overt,4
440,10,0.5283332,2,"[255, 255, 0]",1,3,I,Overt,4
441,5,0.5628939,2,"[0, 0, 255]",1,3,I,Overt,4
442,35,0.5518018,2,"[255, 0, 0]",0,3,I,Overt,4
443,5,0.4268394,0,"[255, 0, 0]",1,3,I,Overt,4
444,5,0.474095,2,"[0, 0, 255]",1,3,I,Overt,4
445,5,0.515408,2,"[255, 0, 0]",1,3,I,Overt,4
446,0,0.4059302,2,"[255, 0, 0]",1,3,I,Overt,4
447,40,0.2940234,2,"[0, 0, 255]",1,3,I,Overt,4
448,5,0.565678,2,"[255, 255, 0]",1,3,I,Overt,4
449,35,0.3397973,2,"[255, 0, 0]",0,3,I,Overt,4
450,20,0.6487825,0,"[0, 0, 255]",1,3,I,Overt,4
451,25,0.4125291,2,"[0, 0, 255]",1,3,I,Overt,4
452,40,0.4262448,0,"[255, 0, 0]",1,3,I,Overt,4
453,30,0.5044085,0,"[255, 0, 0]",1,3,I,Overt,4
454,0,0.442202,0,"[255, 255, 0]",1,3,I,Overt,4
455,25,0.5859143,0,"[0, 0, 255]",0,3,I,Overt,4
456,35,0.4524283,2,"[255, 255, 0]",1,3,I,Overt,4
457,0,0.4440903,2,"[255, 255, 0]",1,3,I,Overt,4
458,10,0.6436632,0,"[255, 0, 0]",1,3,I,Overt,4
459,35,0.3673926,0,"[255, 255, 0]",1,3,I,Overt,4
460,20,0.5730015,2,"[255, 0, 0]",1,3,I,Overt,4
461,20,0.522163,2,"[255, 255, 0]",1,3,I,Overt,4
462,30,0.4517727,0,"[255, 0, 0]",0,3,I,Overt,4
463,15,0.453954,2,"[255, 255, 0]",1,3,I,Overt,4
464,5,0.4922437,0,"[255, 0, 0]",1,3,I,Overt,4
465,10,0.4693435,0,"[255, 255, 0]",1,3,I,Overt,4
466,25,0.6345079,0,"[255, 255, 0]",1,3,I,Overt,4
467,0,0.4887823,2,"[0, 0, 255]",1,3,I,Overt,4
468,25,0.344816,0,"[255, 255, 0]",1,3,I,Overt,4
469,15,0.3565869,0,"[255, 255, 0]",1,3,I,Overt,4
470,5,0.532153,0,"[255, 255, 0]",1,3,I,Overt,4
471,35,0.4631707,2,"[255, 0, 0]",1,3,I,Overt,4
472,0,0.3898168,0,"[0, 0, 255]",1,3,I,Overt,4
473,5,0.5226649,0,"[255, 255, 0]",1,3,I,Overt,4
474,25,0.333106,2,"[0, 0, 255]",1,3,I,Overt,4
475,25,0.4577091,2,"[255, 255, 0]",1,3,I,Overt,4
476,35,0.313175,0,"[0, 0, 255]",0,3,I,Overt,4
477,10,0.434897,2,"[0, 0, 255]",1,3,I,Overt,4
478,15,0.3440286,2,"[0, 0, 255]",1,3,I,Overt,4
479,30,0.552295,0,"[255, 255, 0]",1,3,I,Overt,4
480,10,0.3197454,0,"[255, 255, 0]",1,3,I,Overt,4
481,25,0.2728453,0,"[255, 255, 0]",1,3,I,Overt,4
482,40,0.4582567,0,"[255, 0, 0]",1,3,I,Overt,4
483,0,0.3056587,0,"[255, 255, 0]",1,3,I,Overt,4
484,10,0.5336082,2,"[255, 0, 0]",1,3,I,Overt,4
485,40,0.4749499,0,"[255, 255, 0]",1,3,I,Overt,4
486,10,0.5116667,0,"[0, 0, 255]",1,3,I,Overt,4
487,15,0.5172324,0,"[255, 0, 0]",1,3,I,Overt,4
488,35,0.7298468,2,"[0, 0, 255]",1,3,I,Overt,4
489,5,0.4945977,2,"[0, 0, 255]",1,3,I,Overt,4
490,5,0.5024167,0,"[255, 0, 0]",1,3,I,Overt,4
491,0,0.4634336,0,"[255, 255, 0]",1,3,I,Overt,4
492,30,0.636303,0,"[0, 0, 255]",1,3,I,Overt,4
493,40,0.5537531,2,"[255, 255, 0]",1,3,I,Overt,4
494,10,0.4816686,2,"[255, 0, 0]",1,3,I,Overt,4
495,30,0.4313978,2,"[255, 0, 0]",1,3,I,Overt,4
496,15,0.4229955,2,"[255, 255, 0]",1,3,I,Overt,4
497,5,0.3986205,0,"[255, 255, 0]",1,3,I,Overt,4
498,40,0.5398002,2,"[255, 0, 0]",0,3,I,Overt,4
499,20,0.4821415,2,"[0, 0, 255]",1,3,I,Overt,4
500,40,0.3408319,0,"[0, 0, 255]",1,3,I,Overt,4
501,0,0.4653476,2,"[255, 255, 0]",1,3,I,Overt,4
502,20,0.3009615,2,"[255, 0, 0]",1,3,I,Overt,4
503,40,0.5354065,0,"[255, 0, 0]",1,3,I,Overt,4
504,25,0.4042239,2,"[0, 0, 255]",1,3,I,Overt,4
505,0,0.4934778,2,"[255, 255, 0]",1,3,I,Overt,4
506,25,0.4508227,2,"[0, 0, 255]",1,3,I,Overt,4
507,15,0.4600221,0,"[255, 255, 0]",1,3,I,Overt,4
508,10,0.4071858,2,"[255, 255, 0]",1,3,I,Overt,4
509,30,0.5393641,2,"[0, 0, 255]",1,3,I,Overt,4
510,30,0.4159409,2,"[255, 0, 0]",1,3,I,Overt,4
511,20,0.6446973,2,"[255, 255, 0]",1,3,I,Overt,4
512,35,0.5193106,0,"[0, 0, 255]",1,3,I,Overt,4
513,0,0.4673001,2,"[0, 0, 255]",1,3,I,Overt,4
514,15,0.5011138,2,"[255, 255, 0]",1,3,I,Overt,4
515,40,0.4558299,2,"[0, 0, 255]",1,3,I,Overt,4
516,40,0.6047108,0,"[255, 255, 0]",1,3,I,Overt,4
517,40,0.5160821,0,"[255, 255, 0]",1,3,I,Overt,4
518,5,0.4893967,2,"[255, 0, 0]",1,3,I,Overt,4
519,35,0.3907523,0,"[255, 255, 0]",1,3,I,Overt,4
520,20,0.371089,2,"[255, 0, 0]",1,3,I,Overt,4
521,15,0.37673,2,"[255, 255, 0]",1,3,I,Overt,4
522,5,0.4682769,2,"[0, 0, 255]",1,3,I,Overt,4
523,30,0.4727526,0,"[255, 0, 0]",1,3,I,Overt,4
524,0,0.5237815,0,"[255, 255, 0]",1,3,I,Overt,4
525,20,0.3098903,2,"[0, 0, 255]",1,3,I,Overt,4
526,35,0.2284171,2,"[0, 0, 255]",1,3,I,Overt,4
527,5,0.3198583,0,"[255, 0, 0]",1,3,I,Overt,4
528,15,0.2865305,0,"[0, 0, 255]",1,3,I,Overt,4
529,40,0.5122919,2,"[255, 0, 0]",1,3,I,Overt,4
530,30,0.3649126,2,"[0, 0, 255]",1,3,I,Overt,4
531,10,0.4412847,0,"[255, 0, 0]",1,3,I,Overt,4
532,35,0.5919406,0,"[255, 255, 0]",0,3,I,Overt,4
533,0,0.5087669,0,"[255, 0, 0]",1,3,I,Overt,4
534,5,0.4792034,2,"[255, 255, 0]",1,3,I,Overt,4
535,25,0.4697493,2,"[0, 0, 255]",1,3,I,Overt,4
536,35,0.3938038,2,"[0, 0, 255]",1,3,I,Overt,4
537,20,0.4504026,0,"[0, 0, 255]",1,3,I,Overt,4
538,40,0.6171411,0,"[255, 0, 0]",1,3,I,Overt,4
539,10,0.295246,2,"[255, 0, 0]",0,3,I,Overt,4
540,25,0.5145711,2,"[0, 0, 255]",1,3,I,Overt,4
541,25,0.5030999,2,"[255, 255, 0]",1,3,I,Overt,4
542,0,0.5069201,0,"[255, 255, 0]",1,3,I,Overt,4
543,15,0.7120863,2,"[0, 0, 255]",1,3,I,Overt,4
544,20,0.420865,2,"[255, 255, 0]",1,3,I,Overt,4
545,40,0.4569186,2,"[255, 255, 0]",1,3,I,Overt,4
546,0,0.4818351,0,"[0, 0, 255]",0,3,I,Overt,4
547,15,0.2665203,0,"[0, 0, 255]",1,3,I,Overt,4
548,0,0.2810479,0,"[0, 0, 255]",1,3,I,Overt,4
549,0,0.5467232,2,"[255, 0, 0]",1,3,I,Overt,4
550,15,0.4169598,0,"[255, 0, 0]",1,3,I,Overt,4
551,35,0.3925758,0,"[255, 0, 0]",1,3,I,Overt,4
552,0,0.3977017,0,"[0, 0, 255]",1,3,I,Overt,4
553,20,0.5296351,2,"[0, 0, 255]",1,3,I,Overt,4
554,20,0.7235798,2,"[0, 0, 255]",1,3,I,Overt,4
555,35,0.5747787,0,"[255, 0, 0]",1,3,I,Overt,4
556,40,0.5063236,0,"[255, 255, 0]",1,3,I,Overt,4
557,20,0.4995514,0,"[255, 255, 0]",1,3,I,Overt,4
558,15,0.3968923,0,"[0, 0, 255]",1,3,I,Overt,4
1,30,0.3807539,0,"[255, 0, 0]",1,1,I,Overt,4
2,5,0.3617819,0,"[255, 0, 0]",1,1,I,Overt,4
3,25,0.2188457,0,"[255, 0, 0]",1,1,I,Overt,4
4,40,0.1908575,2,"[255, 0, 0]",1,1,I,Overt,4
5,40,0.3375088,2,"[255, 0, 0]",1,1,I,Overt,4
6,5,0.1725921,0,"[255, 0, 0]",1,1,I,Overt,4
7,0,0.2938512,0,"[255, 0, 0]",1,1,I,Overt,4
8,10,0.4606286,2,"[255, 0, 0]",1,1,I,Overt,4
9,15,0.3116137,2,"[255, 0, 0]",1,1,I,Overt,4
10,35,0.2826903,0,"[255, 0, 0]",1,1,I,Overt,4
11,25,0.1399592,2,"[255, 0, 0]",1,1,I,Overt,4
12,40,0.2136594,2,"[255, 0, 0]",1,1,I,Overt,4
13,30,0.2775882,0,"[255, 0, 0]",1,1,I,Overt,4
14,20,0.1743326,2,"[255, 0, 0]",1,1,I,Overt,4
15,5,0.4126663,2,"[255, 0, 0]",1,1,I,Overt,4
16,15,0.4957273,2,"[255, 0, 0]",1,1,I,Overt,4
17,20,0.1602453,0,"[255, 0, 0]",1,1,I,Overt,4
18,0,0.1489702,0,"[255, 0, 0]",1,1,I,Overt,4
19,40,0.2006909,0,"[255, 0, 0]",1,1,I,Overt,4
20,5,0.2640636,2,"[255, 0, 0]",1,1,I,Overt,4
21,25,0.2246974,0,"[255, 0, 0]",1,1,I,Overt,4
22,5,0.3162293,0,"[255, 0, 0]",1,1,I,Overt,4
23,15,0.2877663,2,"[255, 0, 0]",1,1,I,Overt,4
24,35,0.2832857,2,"[255, 0, 0]",1,1,I,Overt,4
25,0,0.1815037,0,"[255, 0, 0]",1,1,I,Overt,4
26,25,0.5431502,0,"[255, 0, 0]",1,1,I,Overt,4
27,30,0.338278,0,"[255, 0, 0]",1,1,I,Overt,4
28,15,0.2693731,2,"[255, 0, 0]",1,1,I,Overt,4
29,25,0.267739,2,"[255, 0, 0]",1,1,I,Overt,4
30,15,0.2456844,0,"[255, 0, 0]",1,1,I,Overt,4
31,0,0.1606212,2,"[255, 0, 0]",1,1,I,Overt,4
32,35,0.1642567,0,"[255, 0, 0]",1,1,I,Overt,4
33,30,0.2754861,2,"[255, 0, 0]",1,1,I,Overt,4
34,5,0.1444709,2,"[255, 0, 0]",1,1,I,Overt,4
35,30,0.1373923,0,"[255, 0, 0]",1,1,I,Overt,4
36,30,0.158477,2,"[255, 0, 0]",1,1,I,Overt,4
37,10,0.5104955,2,"[255, 0, 0]",1,1,I,Overt,4
38,10,0.2085086,0,"[255, 0, 0]",1,1,I,Overt,4
39,30,0.2721289,2,"[255, 0, 0]",1,1,I,Overt,4
40,20,0.1598725,2,"[255, 0, 0]",1,1,I,Overt,4
41,0,0.3736536,0,"[255, 0, 0]",1,1,I,Overt,4
42,35,0.2553279,2,"[255, 0, 0]",1,1,I,Overt,4
43,10,0.252989,2,"[255, 0, 0]",1,1,I,Overt,4
44,35,0.2186782,0,"[255, 0, 0]",1,1,I,Overt,4
45,20,0.5301362,0,"[255, 0, 0]",1,1,I,Overt,4
46,15,0.3191644,0,"[255, 0, 0]",1,1,I,Overt,4
47,5,0.3334009,0,"[255, 0, 0]",1,1,I,Overt,4
48,25,0.2065689,2,"[255, 0, 0]",1,1,I,Overt,4
49,40,0.2187857,0,"[255, 0, 0]",1,1,I,Overt,4
50,25,0.3935186,0,"[255, 0, 0]",1,1,I,Overt,4
51,20,0.2408242,0,"[255, 0, 0]",1,1,I,Overt,4
52,40,0.3438368,2,"[255, 0, 0]",1,1,I,Overt,4
53,15,0.2078469,0,"[255, 0, 0]",1,1,I,Overt,4
54,10,0.5551422,0,"[255, 0, 0]",1,1,I,Overt,4
55,35,0.2355978,2,"[255, 0, 0]",1,1,I,Overt,4
56,35,0.4110042,2,"[255, 0, 0]",1,1,I,Overt,4
57,0,0.2352714,2,"[255, 0, 0]",1,1,I,Overt,4
58,10,0.7118395,0,"[255, 0, 0]",1,1,I,Overt,4
59,0,0.2924355,2,"[255, 0, 0]",1,1,I,Overt,4
60,35,0.2001352,0,"[255, 0, 0]",1,1,I,Overt,4
61,25,0.1658658,2,"[255, 0, 0]",1,1,I,Overt,4
62,20,0.1718267,2,"[255, 0, 0]",1,1,I,Overt,4
63,0,0.4287773,2,"[255, 0, 0]",1,1,I,Overt,4
64,40,0.3111442,0,"[255, 0, 0]",1,1,I,Overt,4
65,20,0.243487,2,"[255, 0, 0]",1,1,I,Overt,4
66,15,0.1902422,0,"[255, 0, 0]",1,1,I,Overt,4
67,10,0.2746722,2,"[255, 0, 0]",1,1,I,Overt,4
68,20,0.1750511,0,"[255, 0, 0]",1,1,I,Overt,4
69,5,0.1455997,2,"[255, 0, 0]",1,1,I,Overt,4
70,10,0.1524843,0,"[255, 0, 0]",1,1,I,Overt,4
71,40,0.2100037,0,"[255, 0, 0]",1,1,I,Overt,4
72,30,0.1641188,2,"[255, 0, 0]",1,1,I,Overt,4
73,35,0.4233221,0,"[0, 255, 0]",1,2,I,Overt,4
74,40,0.409798,2,"[0, 255, 0]",1,2,I,Overt,4
75,5,0.3486711,2,"[255, 0, 0]",1,2,I,Overt,4
76,35,0.2966229,0,"[255, 0, 0]",1,2,I,Overt,4
77,35,0.2531763,2,"[0, 255, 0]",1,2,I,Overt,4
78,5,0.2326842,0,"[255, 0, 0]",1,2,I,Overt,4
79,15,0.1807288,2,"[0, 255, 0]",1,2,I,Overt,4
80,10,0.3957775,0,"[0, 255, 0]",1,2,I,Overt,4
81,25,0.2416304,2,"[0, 255, 0]",1,2,I,Overt,4
82,35,0.3709048,2,"[255, 0, 0]",1,2,I,Overt,4
83,15,0.3055133,2,"[255, 0, 0]",1,2,I,Overt,4
84,40,0.3426071,2,"[0, 255, 0]",1,2,I,Overt,4
85,20,0.3692019,0,"[255, 0, 0]",1,2,I,Overt,4
86,40,0.3460072,2,"[255, 0, 0]",0,2,I,Overt,4
87,40,0.3889327,2,"[0, 255, 0]",1,2,I,Overt,4
88,5,0.4329349,0,"[255, 0, 0]",1,2,I,Overt,4
89,0,0.2867357,2,"[0, 255, 0]",1,2,I,Overt,4
90,40,0.4172863,2,"[0, 255, 0]",1,2,I,Overt,4
91,30,0.3127001,0,"[255, 0, 0]",1,2,I,Overt,4
92,35,0.4922276,2,"[0, 255, 0]",1,2,I,Overt,4
93,10,0.4525301,2,"[255, 0, 0]",1,2,I,Overt,4
94,25,0.3710122,0,"[0, 255, 0]",1,2,I,Overt,4
95,5,0.687097,2,"[255, 0, 0]",1,2,I,Overt,4
96,35,0.341335,2,"[0, 255, 0]",1,2,I,Overt,4
97,0,0.4684295,0,"[0, 255, 0]",1,2,I,Overt,4
98,40,0.2018614,0,"[255, 0, 0]",1,2,I,Overt,4
99,10,0.3214436,0,"[0, 255, 0]",1,2,I,Overt,4
100,0,0.2982766,2,"[0, 255, 0]",1,2,I,Overt,4
101,15,0.318657,0,"[255, 0, 0]",1,2,I,Overt,4
102,5,0.3864358,2,"[255, 0, 0]",1,2,I,Overt,4
103,5,0.4587097,2,"[255, 0, 0]",1,2,I,Overt,4
104,10,0.2148436,2,"[255, 0, 0]",1,2,I,Overt,4
105,20,0.2405819,2,"[0, 255, 0]",0,2,I,Overt,4
106,15,0.3783516,2,"[0, 255, 0]",1,2,I,Overt,4
107,40,0.3594852,0,"[255, 0, 0]",1,2,I,Overt,4
108,25,0.2564945,0,"[255, 0, 0]",1,2,I,Overt,4
109,25,0.3102088,0,"[0, 255, 0]",1,2,I,Overt,4
110,5,0.4930662,0,"[255, 0, 0]",1,2,I,Overt,4
111,30,0.50707,2,"[0, 255, 0]",1,2,I,Overt,4
112,40,0.5088992,0,"[255, 0, 0]",1,2,I,Overt,4
113,25,0.5209179,0,"[0, 255, 0]",1,2,I,Overt,4
114,35,0.3515263,0,"[255, 0, 0]",1,2,I,Overt,4
115,25,0.4114973,2,"[0, 255, 0]",1,2,I,Overt,4
116,0,0.3788399,0,"[0, 255, 0]",1,2,I,Overt,4
117,35,0.3392548,2,"[255, 0, 0]",1,2,I,Overt,4
118,35,0.2265498,0,"[0, 255, 0]",1,2,I,Overt,4
119,25,0.1649341,2,"[255, 0, 0]",1,2,I,Overt,4
120,15,0.328311,0,"[255, 0, 0]",1,2,I,Overt,4
121,0,0.6681293,2,"[255, 0, 0]",1,2,I,Overt,4
122,25,0.437677,2,"[255, 0, 0]",1,2,I,Overt,4
123,30,0.3389502,0,"[0, 255, 0]",1,2,I,Overt,4
124,25,0.4368788,0,"[0, 255, 0]",1,2,I,Overt,4
125,10,0.353702,0,"[255, 0, 0]",1,2,I,Overt,4
126,0,0.3915943,0,"[255, 0, 0]",1,2,I,Overt,4
127,20,0.3484812,0,"[255, 0, 0]",1,2,I,Overt,4
128,20,0.4623116,0,"[0, 255, 0]",1,2,I,Overt,4
129,15,0.2787557,0,"[0, 255, 0]",1,2,I,Overt,4
130,30,0.2622635,0,"[0, 255, 0]",0,2,I,Overt,4
131,15,0.4687089,2,"[255, 0, 0]",1,2,I,Overt,4
132,0,0.3620304,2,"[255, 0, 0]",1,2,I,Overt,4
133,20,0.2544337,2,"[255, 0, 0]",1,2,I,Overt,4
134,35,0.3530405,0,"[255, 0, 0]",0,2,I,Overt,4
135,10,0.2705384,0,"[255, 0, 0]",1,2,I,Overt,4
136,0,0.3541346,0,"[255, 0, 0]",1,2,I,Overt,4
137,5,0.5116736,2,"[0, 255, 0]",1,2,I,Overt,4
138,10,0.3133073,2,"[0, 255, 0]",1,2,I,Overt,4
139,30,0.5529036,2,"[255, 0, 0]",1,2,I,Overt,4
140,20,0.3334228,2,"[255, 0, 0]",1,2,I,Overt,4
141,5,0.4048023,0,"[255, 0, 0]",1,2,I,Overt,4
142,15,0.5112273,2,"[255, 0, 0]",1,2,I,Overt,4
143,5,0.3581915,0,"[255, 0, 0]",1,2,I,Overt,4
144,30,0.422817,2,"[0, 255, 0]",1,2,I,Overt,4
145,15,0.3450094,0,"[255, 0, 0]",0,2,I,Overt,4
146,10,0.4125233,0,"[255, 0, 0]",1,2,I,Overt,4
147,10,0.2134255,0,"[0, 255, 0]",0,2,I,Overt,4
148,0,0.5757618,2,"[0, 255, 0]",1,2,I,Overt,4
149,0,0.3820915,2,"[0, 255, 0]",1,2,I,Overt,4
150,0,0.3906314,2,"[0, 255, 0]",1,2,I,Overt,4
151,15,0.4302168,2,"[255, 0, 0]",1,2,I,Overt,4
152,0,0.2666077,0,"[0, 255, 0]",1,2,I,Overt,4
153,0,0.2767038,0,"[255, 0, 0]",1,2,I,Overt,4
154,0,0.191833,2,"[0, 255, 0]",1,2,I,Overt,4
155,20,0.2469092,2,"[255, 0, 0]",1,2,I,Overt,4
156,0,0.4030019,2,"[0, 255, 0]",1,2,I,Overt,4
157,30,0.3238503,2,"[255, 0, 0]",0,2,I,Overt,4
158,30,0.2822833,2,"[255, 0, 0]",1,2,I,Overt,4
159,35,0.2940683,2,"[0, 255, 0]",1,2,I,Overt,4
160,20,0.3349528,0,"[255, 0, 0]",1,2,I,Overt,4
161,15,0.3856754,0,"[255, 0, 0]",1,2,I,Overt,4
162,35,0.4662646,2,"[0, 255, 0]",1,2,I,Overt,4
163,40,0.3339029,0,"[255, 0, 0]",1,2,I,Overt,4
164,30,0.5914066,0,"[0, 255, 0]",1,2,I,Overt,4
165,20,0.3075331,2,"[0, 255, 0]",1,2,I,Overt,4
166,20,0.4005221,2,"[255, 0, 0]",1,2,I,Overt,4
167,15,0.3959301,0,"[255, 0, 0]",1,2,I,Overt,4
168,35,0.4829655,2,"[255, 0, 0]",1,2,I,Overt,4
169,25,0.3650417,2,"[255, 0, 0]",1,2,I,Overt,4
170,35,0.4540868,2,"[0, 255, 0]",1,2,I,Overt,4
171,5,0.3338231,2,"[255, 0, 0]",1,2,I,Overt,4
172,0,0.4430634,0,"[0, 255, 0]",1,2,I,Overt,4
173,30,0.2632568,0,"[255, 0, 0]",1,2,I,Overt,4
174,0,0.3020792,2,"[0, 255, 0]",1,2,I,Overt,4
175,30,0.3132923,0,"[0, 255, 0]",0,2,I,Overt,4
176,5,0.224857,0,"[0, 255, 0]",1,2,I,Overt,4
177,40,0.3663773,2,"[0, 255, 0]",0,2,I,Overt,4
178,10,0.3422068,2,"[255, 0, 0]",1,2,I,Overt,4
179,35,0.3890992,0,"[0, 255, 0]",0,2,I,Overt,4
180,20,0.3494712,0,"[255, 0, 0]",1,2,I,Overt,4
181,0,3.6797103,0,"[0, 255, 0]",0,2,I,Overt,4
182,40,0.424607,0,"[255, 0, 0]",1,2,I,Overt,4
183,30,0.4145572,0,"[255, 0, 0]",1,2,I,Overt,4
184,30,0.4155333,0,"[255, 0, 0]",1,2,I,Overt,4
185,15,0.2236318,2,"[255, 0, 0]",1,2,I,Overt,4
186,5,0.3723109,2,"[0, 255, 0]",1,2,I,Overt,4
187,15,0.4057637,2,"[255, 0, 0]",1,2,I,Overt,4
188,5,0.3553294,0,"[0, 255, 0]",1,2,I,Overt,4
189,20,0.3384458,0,"[0, 255, 0]",1,2,I,Overt,4
190,35,0.5502909,2,"[0, 255, 0]",1,2,I,Overt,4
191,40,0.4303227,0,"[0, 255, 0]",1,2,I,Overt,4
192,0,0.3525767,0,"[255, 0, 0]",1,2,I,Overt,4
193,25,0.4783369,0,"[0, 255, 0]",1,2,I,Overt,4
194,25,0.380498,0,"[0, 255, 0]",1,2,I,Overt,4
195,15,0.3645781,2,"[255, 0, 0]",1,2,I,Overt,4
196,30,0.319729,2,"[255, 0, 0]",1,2,I,Overt,4
197,30,0.3110498,2,"[0, 255, 0]",1,2,I,Overt,4
198,5,0.4952038,2,"[255, 0, 0]",1,2,I,Overt,4
199,10,0.3914792,2,"[255, 0, 0]",1,2,I,Overt,4
200,40,0.3332982,0,"[255, 0, 0]",1,2,I,Overt,4
201,20,0.5403563,0,"[0, 255, 0]",0,2,I,Overt,4
202,15,0.2666275,2,"[0, 255, 0]",0,2,I,Overt,4
203,40,0.3423989,0,"[255, 0, 0]",1,2,I,Overt,4
204,20,0.3426652,0,"[0, 255, 0]",1,2,I,Overt,4
205,10,0.2476246,0,"[255, 0, 0]",1,2,I,Overt,4
206,20,0.5429497,0,"[0, 255, 0]",1,2,I,Overt,4
207,20,0.356415,2,"[0, 255, 0]",1,2,I,Overt,4
208,5,0.3861508,2,"[0, 255, 0]",1,2,I,Overt,4
209,5,0.3244176,2,"[0, 255, 0]",1,2,I,Overt,4
210,40,0.2831182,2,"[255, 0, 0]",1,2,I,Overt,4
211,25,0.303729,0,"[255, 0, 0]",0,2,I,Overt,4
212,35,0.4665589,0,"[255, 0, 0]",1,2,I,Overt,4
213,25,0.4877248,0,"[255, 0, 0]",0,2,I,Overt,4
214,10,0.4245931,2,"[255, 0, 0]",1,2,I,Overt,4
215,35,0.4176225,0,"[0, 255, 0]",1,2,I,Overt,4
216,35,0.4316003,0,"[0, 255, 0]",1,2,I,Overt,4
217,35,0.3118621,0,"[0, 255, 0]",1,2,I,Overt,4
218,40,0.3115824,2,"[0, 255, 0]",1,2,I,Overt,4
219,30,0.3310284,2,"[255, 0, 0]",1,2,I,Overt,4
220,15,0.3641579,2,"[0, 255, 0]",0,2,I,Overt,4
221,25,0.2777951,2,"[0, 255, 0]",1,2,I,Overt,4
222,40,0.2536779,0,"[0, 255, 0]",1,2,I,Overt,4
223,0,0.247238,0,"[0, 255, 0]",1,2,I,Overt,4
224,0,0.5350043,2,"[0, 255, 0]",1,2,I,Overt,4
225,5,0.3174176,0,"[0, 255, 0]",1,2,I,Overt,4
226,10,0.2531871,0,"[0, 255, 0]",1,2,I,Overt,4
227,10,0.3510151,0,"[0, 255, 0]",1,2,I,Overt,4
228,15,0.3185059,2,"[0, 255, 0]",1,2,I,Overt,4
229,5,0.2406395,0,"[0, 255, 0]",1,2,I,Overt,4
230,40,0.1886866,2,"[0, 255, 0]",1,2,I,Overt,4
231,10,0.3119813,2,"[255, 0, 0]",0,2,I,Overt,4
232,10,0.1936638,2,"[0, 255, 0]",0,2,I,Overt,4
233,20,0.5306198,2,"[255, 0, 0]",1,2,I,Overt,4
234,0,0.5156796,0,"[0, 255, 0]",1,2,I,Overt,4
235,30,0.3634752,0,"[255, 0, 0]",1,2,I,Overt,4
236,5,0.3847017,0,"[255, 0, 0]",1,2,I,Overt,4
237,10,0.3139425,0,"[255, 0, 0]",1,2,I,Overt,4
238,15,0.473925,0,"[255, 0, 0]",1,2,I,Overt,4
239,40,0.3859461,0,"[255, 0, 0]",1,2,I,Overt,4
240,40,0.4649119,2,"[255, 0, 0]",0,2,I,Overt,4
241,30,0.6412331,2,"[0, 255, 0]",1,2,I,Overt,4
242,20,0.3934516,0,"[0, 255, 0]",1,2,I,Overt,4
243,5,0.2880583,2,"[255, 0, 0]",1,2,I,Overt,4
244,15,0.23607,0,"[255, 0, 0]",1,2,I,Overt,4
245,5,0.241986,0,"[255, 0, 0]",1,2,I,Overt,4
246,10,0.3059884,2,"[0, 255, 0]",1,2,I,Overt,4
247,30,0.4295111,2,"[0, 255, 0]",1,2,I,Overt,4
248,15,0.240756,0,"[0, 255, 0]",1,2,I,Overt,4
249,25,0.4911181,2,"[255, 0, 0]",1,2,I,Overt,4
250,35,0.2529311,0,"[255, 0, 0]",0,2,I,Overt,4
251,20,0.2948233,2,"[255, 0, 0]",0,2,I,Overt,4
252,30,0.3022373,0,"[0, 255, 0]",1,2,I,Overt,4
253,25,0.5381033,2,"[0, 255, 0]",1,2,I,Overt,4
254,40,0.2774867,0,"[255, 0, 0]",1,2,I,Overt,4
255,35,0.4126153,0,"[0, 255, 0]",1,2,I,Overt,4
256,25,0.2396037,2,"[255, 0, 0]",1,2,I,Overt,4
257,30,0.4869415,0,"[0, 255, 0]",1,2,I,Overt,4
258,20,0.3978914,0,"[0, 255, 0]",1,2,I,Overt,4
259,25,0.4317188,0,"[0, 255, 0]",1,2,I,Overt,4
260,20,0.2951361,2,"[255, 0, 0]",1,2,I,Overt,4
261,25,0.2468538,0,"[0, 255, 0]",1,2,I,Overt,4
262,40,0.4599037,2,"[0, 255, 0]",1,2,I,Overt,4
263,5,0.3895393,2,"[0, 255, 0]",1,2,I,Overt,4
264,20,0.4631377,2,"[0, 255, 0]",1,2,I,Overt,4
265,10,0.237505,0,"[0, 255, 0]",1,2,I,Overt,4
266,30,0.2965187,0,"[0, 255, 0]",1,2,I,Overt,4
267,25,0.5239749,2,"[0, 255, 0]",1,2,I,Overt,4
268,10,0.3290318,0,"[0, 255, 0]",1,2,I,Overt,4
269,30,0.3533168,2,"[255, 0, 0]",1,2,I,Overt,4
270,25,0.5438824,0,"[255, 0, 0]",1,2,I,Overt,4
271,15,0.2452476,0,"[255, 0, 0]",1,2,I,Overt,4
272,10,0.2178364,2,"[255, 0, 0]",1,2,I,Overt,4
273,20,0.1999652,2,"[255, 0, 0]",1,2,I,Overt,4
274,5,0.2198692,0,"[255, 0, 0]",1,2,I,Overt,4
275,25,0.2517772,2,"[0, 255, 0]",0,2,I,Overt,4
276,0,0.4588902,0,"[0, 255, 0]",1,2,I,Overt,4
277,10,0.3574938,2,"[255, 0, 0]",1,2,I,Overt,4
278,40,0.3554713,0,"[255, 0, 0]",1,2,I,Overt,4
279,35,0.400103,2,"[255, 0, 0]",1,2,I,Overt,4
280,40,0.3717099,2,"[255, 0, 0]",1,2,I,Overt,4
281,20,0.4180522,0,"[255, 0, 0]",1,2,I,Overt,4
282,25,0.2934174,2,"[255, 0, 0]",1,2,I,Overt,4
283,10,0.2973623,2,"[255, 0, 0]",1,2,I,Overt,4
284,15,0.6039917,0,"[255, 0, 0]",1,2,I,Overt,4
285,0,0.3994936,2,"[0, 255, 0]",1,2,I,Overt,4
286,15,0.3293264,0,"[255, 0, 0]",1,2,I,Overt,4
287,35,0.4363273,2,"[0, 255, 0]",1,2,I,Overt,4
288,30,0.4003936,2,"[0, 255, 0]",1,2,I,Overt,4
289,35,0.4160481,0,"[0, 0, 255]",1,3,I,Overt,4
290,30,0.3712612,2,"[255, 255, 0]",0,3,I,Overt,4
291,20,0.2080563,2,"[255, 0, 0]",1,3,I,Overt,4
292,30,0.290625,2,"[0, 0, 255]",1,3,I,Overt,4
293,10,0.3067172,2,"[255, 0, 0]",1,3,I,Overt,4
294,10,0.3728584,2,"[0, 0, 255]",1,3,I,Overt,4
295,5,0.2104045,0,"[255, 0, 0]",1,3,I,Overt,4
296,0,0.4052317,0,"[255, 0, 0]",1,3,I,Overt,4
297,25,0.3375767,2,"[255, 255, 0]",1,3,I,Overt,4
298,0,0.3456977,0,"[255, 255, 0]",1,3,I,Overt,4
299,40,0.3773043,0,"[255, 0, 0]",1,3,I,Overt,4
300,40,0.2318416,2,"[0, 0, 255]",1,3,I,Overt,4
301,15,0.2906176,0,"[255, 0, 0]",0,3,I,Overt,4
302,15,0.4285716,0,"[0, 0, 255]",1,3,I,Overt,4
303,0,0.397893,2,"[0, 0, 255]",1,3,I,Overt,4
304,30,0.3033917,2,"[255, 0, 0]",1,3,I,Overt,4
305,0,0.5007832,0,"[255, 0, 0]",1,3,I,Overt,4
306,0,0.404537,0,"[0, 0, 255]",1,3,I,Overt,4
307,15,0.3305379,0,"[255, 0, 0]",1,3,I,Overt,4
308,30,0.4052657,0,"[0, 0, 255]",1,3,I,Overt,4
309,40,0.499828,2,"[255, 0, 0]",1,3,I,Overt,4
310,15,0.3678885,2,"[0, 0, 255]",1,3,I,Overt,4
311,35,0.3870474,0,"[0, 0, 255]",0,3,I,Overt,4
312,5,0.3022671,2,"[255, 0, 0]",1,3,I,Overt,4
313,10,0.3117099,2,"[255, 255, 0]",1,3,I,Overt,4
314,0,0.3344997,2,"[255, 255, 0]",0,3,I,Overt,4
315,20,0.2835761,0,"[255, 255, 0]",1,3,I,Overt,4
316,0,0.4305248,2,"[255, 255, 0]",1,3,I,Overt,4
317,5,0.2661821,2,"[0, 0, 255]",1,3,I,Overt,4
318,30,0.2170857,0,"[0, 0, 255]",1,3,I,Overt,4
319,25,0.3867376,2,"[255, 255, 0]",1,3,I,Overt,4
320,40,0.214607,0,"[255, 255, 0]",1,3,I,Overt,4
321,10,0.3143118,0,"[255, 0, 0]",1,3,I,Overt,4
322,5,0.2839397,0,"[0, 0, 255]",1,3,I,Overt,4
323,20,0.3952566,2,"[255, 255, 0]",1,3,I,Overt,4
324,35,0.5916616,2,"[255, 255, 0]",1,3,I,Overt,4
325,15,0.3784965,2,"[255, 255, 0]",1,3,I,Overt,4
326,5,0.4290555,2,"[255, 0, 0]",0,3,I,Overt,4
327,10,0.2729065,0,"[255, 0, 0]",1,3,I,Overt,4
328,10,0.3598323,0,"[0, 0, 255]",1,3,I,Overt,4
329,5,0.351985,0,"[255, 255, 0]",1,3,I,Overt,4
330,40,0.4472101,2,"[0, 0, 255]",1,3,I,Overt,4
331,40,0.5018291,2,"[255, 0, 0]",1,3,I,Overt,4
332,30,0.5253644,2,"[0, 0, 255]",1,3,I,Overt,4
333,15,0.4498201,0,"[255, 255, 0]",1,3,I,Overt,4
334,0,0.1981121,0,"[255, 255, 0]",1,3,I,Overt,4
335,0,0.2666949,2,"[255, 255, 0]",1,3,I,Overt,4
336,20,0.4900047,2,"[0, 0, 255]",0,3,I,Overt,4
337,10,0.2697373,0,"[255, 0, 0]",1,3,I,Overt,4
338,25,0.2657751,0,"[255, 0, 0]",1,3,I,Overt,4
339,15,0.431238,2,"[255, 255, 0]",1,3,I,Overt,4
340,30,0.685257,0,"[255, 0, 0]",1,3,I,Overt,4
341,0,0.4543804,2,"[0, 0, 255]",1,3,I,Overt,4
342,35,0.3444439,2,"[0, 0, 255]",0,3,I,Overt,4
343,0,0.4160592,0,"[0, 0, 255]",1,3,I,Overt,4
344,20,0.3641163,2,"[255, 0, 0]",1,3,I,Overt,4
345,25,0.3441406,0,"[0, 0, 255]",1,3,I,Overt,4
346,35,0.453981,0,"[255, 255, 0]",0,3,I,Overt,4
347,30,0.2137485,2,"[255, 0, 0]",1,3,I,Overt,4
348,0,0.312551,2,"[0, 0, 255]",1,3,I,Overt,4
349,40,0.3971692,0,"[255, 255, 0]",1,3,I,Overt,4
350,35,0.3392495,2,"[255, 0, 0]",1,3,I,Overt,4
351,25,0.3459196,2,"[0, 0, 255]",1,3,I,Overt,4
352,0,0.32502,0,"[0, 0, 255]",1,3,I,Overt,4
353,25,0.3817543,2,"[255, 255, 0]",1,3,I,Overt,4
354,25,0.3305788,0,"[255, 255, 0]",1,3,I,Overt,4
355,5,0.363475,2,"[255, 0, 0]",1,3,I,Overt,4
356,40,0.2886154,0,"[0, 0, 255]",1,3,I,Overt,4
357,20,0.6194242,2,"[0, 0, 255]",1,3,I,Overt,4
358,20,0.3110998,2,"[255, 255, 0]",1,3,I,Overt,4
359,15,0.2902324,0,"[0, 0, 255]",1,3,I,Overt,4
360,15,0.3276538,0,"[255, 255, 0]",1,3,I,Overt,4
361,25,0.3466436,2,"[255, 0, 0]",1,3,I,Overt,4
362,10,0.3031366,2,"[0, 0, 255]",1,3,I,Overt,4
363,30,0.4428942,0,"[255, 0, 0]",1,3,I,Overt,4
364,25,0.2964236,0,"[0, 0, 255]",1,3,I,Overt,4
365,15,0.3579994,2,"[0, 0, 255]",1,3,I,Overt,4
366,25,0.5611032,0,"[255, 255, 0]",1,3,I,Overt,4
367,30,0.3806689,2,"[255, 0, 0]",0,3,I,Overt,4
368,35,0.3000467,2,"[0, 0, 255]",1,3,I,Overt,4
369,35,0.3444854,0,"[255, 0, 0]",1,3,I,Overt,4
370,10,0.3776635,2,"[0, 0, 255]",1,3,I,Overt,4
371,25,0.4387442,2,"[255, 255, 0]",1,3,I,Overt,4
372,0,0.4843059,0,"[255, 0, 0]",1,3,I,Overt,4
373,35,0.3371929,2,"[0, 0, 255]",1,3,I,Overt,4
374,30,0.2360259,0,"[0, 0, 255]",1,3,I,Overt,4
375,15,0.6569009,0,"[0, 0, 255]",1,3,I,Overt,4
376,35,0.3073881,0,"[0, 0, 255]",1,3,I,Overt,4
377,5,0.4708968,2,"[255, 0, 0]",1,3,I,Overt,4
378,40,0.4148571,2,"[255, 0, 0]",1,3,I,Overt,4
379,10,0.4278808,2,"[255, 0, 0]",1,3,I,Overt,4
380,35,0.5344407,0,"[255, 0, 0]",1,3,I,Overt,4
381,40,0.2093725,0,"[0, 0, 255]",1,3,I,Overt,4
382,35,0.3456615,2,"[255, 0, 0]",1,3,I,Overt,4
383,25,0.5552731,2,"[255, 0, 0]",1,3,I,Overt,4
384,35,0.3952876,0,"[0, 0, 255]",1,3,I,Overt,4
385,10,0.2909929,0,"[255, 0, 0]",0,3,I,Overt,4
386,20,0.4053547,2,"[0, 0, 255]",1,3,I,Overt,4
387,30,0.3191149,2,"[0, 0, 255]",0,3,I,Overt,4
388,20,0.2342062,0,"[0, 0, 255]",1,3,I,Overt,4
389,10,0.3922227,2,"[0, 0, 255]",1,3,I,Overt,4
390,25,0.4935217,0,"[255, 0, 0]",1,3,I,Overt,4
391,0,0.2391341,2,"[255, 0, 0]",0,3,I,Overt,4
392,40,0.6313735,2,"[255, 255, 0]",1,3,I,Overt,4
393,25,0.5166486,0,"[255, 0, 0]",1,3,I,Overt,4
394,10,0.3801403,0,"[255, 255, 0]",1,3,I,Overt,4
395,35,0.2406078,2,"[255, 255, 0]",1,3,I,Overt,4
396,30,0.2591665,0,"[255, 255, 0]",1,3,I,Overt,4
397,35,0.2407622,2,"[255, 255, 0]",1,3,I,Overt,4
398,25,0.3436717,2,"[255, 255, 0]",1,3,I,Overt,4
399,40,0.3350566,0,"[255, 0, 0]",1,3,I,Overt,4
400,5,0.4759313,0,"[255, 0, 0]",1,3,I,Overt,4
401,25,0.4062113,2,"[255, 255, 0]",0,3,I,Overt,4
402,30,0.4514702,0,"[255, 0, 0]",0,3,I,Overt,4
403,5,0.3932708,2,"[255, 255, 0]",1,3,I,Overt,4
404,20,0.4124409,0,"[255, 0, 0]",1,3,I,Overt,4
405,40,0.3549796,0,"[0, 0, 255]",0,3,I,Overt,4
406,5,0.4895548,2,"[255, 0, 0]",1,3,I,Overt,4
407,15,0.5723028,2,"[255, 255, 0]",1,3,I,Overt,4
408,15,0.221685,2,"[0, 0, 255]",0,3,I,Overt,4
409,40,0.2651897,0,"[0, 0, 255]",1,3,I,Overt,4
410,35,0.5852059,2,"[255, 0, 0]",1,3,I,Overt,4
411,15,0.3976346,2,"[255, 0, 0]",1,3,I,Overt,4
412,5,0.4079736,0,"[0, 0, 255]",1,3,I,Overt,4
413,15,0.41917,2,"[255, 0, 0]",1,3,I,Overt,4
414,35,0.58014,0,"[255, 255, 0]",1,3,I,Overt,4
415,40,0.3467296,2,"[255, 0, 0]",1,3,I,Overt,4
416,0,0.3939032,2,"[0, 0, 255]",1,3,I,Overt,4
417,0,0.5398636,0,"[255, 0, 0]",1,3,I,Overt,4
418,0,0.6627822,2,"[255, 255, 0]",0,3,I,Overt,4
419,10,0.2988967,0,"[0, 0, 255]",1,3,I,Overt,4
420,20,0.4158136,2,"[255, 0, 0]",1,3,I,Overt,4
421,35,0.2647448,0,"[255, 0, 0]",0,3,I,Overt,4
422,5,0.3226895,0,"[255, 0, 0]",1,3,I,Overt,4
423,25,0.3223259,0,"[255, 0, 0]",1,3,I,Overt,4
424,35,0.5990833,0,"[0, 0, 255]",1,3,I,Overt,4
425,30,0.4722481,2,"[255, 0, 0]",1,3,I,Overt,4
426,35,0.335882,2,"[255, 255, 0]",1,3,I,Overt,4
427,5,0.3634445,2,"[0, 0, 255]",1,3,I,Overt,4
428,20,0.3521394,2,"[0, 0, 255]",1,3,I,Overt,4
429,0,0.4147198,0,"[255, 255, 0]",1,3,I,Overt,4
430,40,0.3177463,2,"[255, 0, 0]",1,3,I,Overt,4
431,0,0.3397178,0,"[255, 255, 0]",1,3,I,Overt,4
432,20,0.2340373,2,"[255, 0, 0]",1,3,I,Overt,4
433,35,0.4868007,2,"[255, 255, 0]",1,3,I,Overt,4
434,5,0.282107,0,"[0, 0, 255]",1,3,I,Overt,4
435,25,0.4158806,0,"[255, 0, 0]",1,3,I,Overt,4
436,25,0.4541532,2,"[255, 255, 0]",0,3,I,Overt,4
437,15,0.4204697,2,"[0, 0, 255]",1,3,I,Overt,4
438,15,0.343491,2,"[255, 0, 0]",0,3,I,Overt,4
439,25,0.2521378,0,"[0, 0, 255]",1,3,I,Overt,4
440,40,0.4061368,2,"[255, 0, 0]",1,3,I,Overt,4
441,0,0.4048939,0,"[255, 0, 0]",1,3,I,Overt,4
442,20,0.4652755,0,"[255, 0, 0]",1,3,I,Overt,4
443,10,0.3071037,0,"[0, 0, 255]",1,3,I,Overt,4
444,20,0.376561,2,"[0, 0, 255]",1,3,I,Overt,4
445,0,0.3252389,2,"[255, 0, 0]",1,3,I,Overt,4
446,35,0.3502964,0,"[0, 0, 255]",1,3,I,Overt,4
447,10,0.402094,2,"[255, 0, 0]",1,3,I,Overt,4
448,15,0.4004015,2,"[255, 0, 0]",1,3,I,Overt,4
449,15,0.4449706,0,"[0, 0, 255]",1,3,I,Overt,4
450,30,0.4549744,2,"[0, 0, 255]",1,3,I,Overt,4
451,25,0.3368734,2,"[255, 0, 0]",1,3,I,Overt,4
452,20,0.3833302,0,"[255, 0, 0]",1,3,I,Overt,4
453,30,0.4151096,2,"[255, 255, 0]",1,3,I,Overt,4
454,15,0.3255128,0,"[0, 0, 255]",1,3,I,Overt,4
455,30,0.2316266,0,"[0, 0, 255]",1,3,I,Overt,4
456,25,0.2773647,2,"[0, 0, 255]",1,3,I,Overt,4
457,5,0.2894186,2,"[255, 255, 0]",1,3,I,Overt,4
458,5,0.6871143,2,"[255, 255, 0]",1,3,I,Overt,4
459,40,0.4677489,2,"[255, 0, 0]",1,3,I,Overt,4
460,40,0.302467,0,"[255, 0, 0]",1,3,I,Overt,4
461,25,0.3032074,2,"[255, 0, 0]",0,3,I,Overt,4
462,30,0.2686354,2,"[255, 255, 0]",1,3,I,Overt,4
463,5,0.370963,0,"[255, 255, 0]",1,3,I,Overt,4
464,30,0.4016775,2,"[0, 0, 255]",1,3,I,Overt,4
465,40,0.3452547,2,"[255, 0, 0]",1,3,I,Overt,4
466,0,0.2488395,2,"[255, 255, 0]",1,3,I,Overt,4
467,5,0.3497486,0,"[0, 0, 255]",1,3,I,Overt,4
468,35,0.395654,0,"[255, 0, 0]",1,3,I,Overt,4
469,25,0.4064096,2,"[0, 0, 255]",1,3,I,Overt,4
470,10,0.4183027,0,"[255, 0, 0]",1,3,I,Overt,4
471,15,0.4025676,0,"[0, 0, 255]",1,3,I,Overt,4
472,35,0.4414281,2,"[255, 0, 0]",1,3,I,Overt,4
473,10,0.3086264,2,"[255, 255, 0]",1,3,I,Overt,4
474,5,0.3359555,0,"[0, 0, 255]",1,3,I,Overt,4
475,15,0.2978196,2,"[0, 0, 255]",1,3,I,Overt,4
476,40,0.6317055,0,"[255, 0, 0]",1,3,I,Overt,4
477,30,0.35224,2,"[0, 0, 255]",1,3,I,Overt,4
478,15,0.4263576,2,"[255, 0, 0]",0,3,I,Overt,4
479,30,0.4030314,2,"[255, 255, 0]",1,3,I,Overt,4
480,5,0.3320096,2,"[255, 255, 0]",1,3,I,Overt,4
481,0,0.3502393,0,"[0, 0, 255]",1,3,I,Overt,4
482,25,0.3331019,0,"[255, 0, 0]",1,3,I,Overt,4
483,40,0.2963524,2,"[255, 255, 0]",1,3,I,Overt,4
484,0,0.5596477,2,"[0, 0, 255]",0,3,I,Overt,4
485,30,0.3449464,0,"[255, 0, 0]",1,3,I,Overt,4
486,10,0.2382439,2,"[255, 255, 0]",1,3,I,Overt,4
487,15,0.2596977,2,"[255, 255, 0]",1,3,I,Overt,4
488,5,0.4429231,0,"[255, 0, 0]",1,3,I,Overt,4
489,20,0.5287875,0,"[255, 0, 0]",1,3,I,Overt,4
490,20,0.389895,0,"[0, 0, 255]",1,3,I,Overt,4
491,20,0.4660203,2,"[0, 0, 255]",1,3,I,Overt,4
492,10,0.6234459,2,"[0, 0, 255]",1,3,I,Overt,4
493,10,0.4409498,0,"[255, 0, 0]",1,3,I,Overt,4
494,20,0.4326225,2,"[255, 0, 0]",1,3,I,Overt,4
495,0,0.3089617,2,"[0, 0, 255]",1,3,I,Overt,4
496,25,0.3738737,0,"[255, 255, 0]",1,3,I,Overt,4
497,30,0.3363978,0,"[255, 0, 0]",1,3,I,Overt,4
498,0,0.3235451,0,"[255, 0, 0]",1,3,I,Overt,4
499,40,0.2212821,2,"[255, 0, 0]",1,3,I,Overt,4
500,5,0.6209351,0,"[255, 0, 0]",1,3,I,Overt,4
501,40,0.4031117,2,"[0, 0, 255]",1,3,I,Overt,4
502,5,0.4447967,2,"[255, 0, 0]",1,3,I,Overt,4
503,30,0.2854542,0,"[255, 0, 0]",1,3,I,Overt,4
504,0,0.2700573,0,"[255, 0, 0]",1,3,I,Overt,4
505,40,0.4136849,0,"[0, 0, 255]",1,3,I,Overt,4
506,0,0.25311,2,"[0, 0, 255]",1,3,I,Overt,4
507,25,0.2426714,0,"[255, 255, 0]",1,3,I,Overt,4
508,10,0.5877017,0,"[0, 0, 255]",1,3,I,Overt,4
509,40,0.597452,0,"[255, 255, 0]",1,3,I,Overt,4
510,10,0.2795031,0,"[255, 255, 0]",1,3,I,Overt,4
511,5,0.4120426,2,"[255, 0, 0]",1,3,I,Overt,4
512,15,0.2296988,2,"[0, 0, 255]",1,3,I,Overt,4
513,20,0.3495914,0,"[0, 0, 255]",1,3,I,Overt,4
514,35,0.3441731,0,"[0, 0, 255]",1,3,I,Overt,4
515,40,0.2382905,0,"[0, 0, 255]",1,3,I,Overt,4
516,10,0.264432,2,"[255, 255, 0]",1,3,I,Overt,4
517,10,0.438776,2,"[0, 0, 255]",1,3,I,Overt,4
518,15,0.3325622,0,"[0, 0, 255]",1,3,I,Overt,4
519,35,0.4367795,2,"[255, 255, 0]",1,3,I,Overt,4
520,20,0.3445345,0,"[0, 0, 255]",1,3,I,Overt,4
521,40,0.2452262,2,"[255, 0, 0]",1,3,I,Overt,4
522,35,0.2391191,0,"[255, 0, 0]",1,3,I,Overt,4
523,5,0.3996045,0,"[255, 255, 0]",1,3,I,Overt,4
524,5,0.3255537,0,"[255, 255, 0]",1,3,I,Overt,4
525,20,0.2509307,0,"[255, 0, 0]",1,3,I,Overt,4
526,30,0.2544735,2,"[255, 0, 0]",1,3,I,Overt,4
527,15,0.505388,0,"[0, 0, 255]",1,3,I,Overt,4
528,10,0.3939416,0,"[255, 255, 0]",1,3,I,Overt,4
529,20,0.316372,0,"[0, 0, 255]",1,3,I,Overt,4
530,30,0.2795751,0,"[255, 0, 0]",0,3,I,Overt,4
531,5,0.3459088,2,"[0, 0, 255]",1,3,I,Overt,4
532,0,0.3550268,2,"[255, 255, 0]",1,3,I,Overt,4
533,10,0.3827256,2,"[255, 0, 0]",1,3,I,Overt,4
534,20,0.2557422,2,"[255, 255, 0]",1,3,I,Overt,4
535,20,0.253392,0,"[0, 0, 255]",0,3,I,Overt,4
536,30,0.2305295,0,"[255, 0, 0]",1,3,I,Overt,4
537,40,0.5229729,0,"[255, 255, 0]",1,3,I,Overt,4
538,15,0.2958009,0,"[0, 0, 255]",1,3,I,Overt,4
539,20,0.3989792,0,"[0, 0, 255]",1,3,I,Overt,4
540,5,0.3555323,0,"[255, 255, 0]",1,3,I,Overt,4
541,35,0.3930739,2,"[0, 0, 255]",1,3,I,Overt,4
542,20,0.4037746,2,"[255, 255, 0]",1,3,I,Overt,4
543,5,0.4801503,2,"[0, 0, 255]",1,3,I,Overt,4
544,20,0.394239,0,"[255, 0, 0]",1,3,I,Overt,4
545,15,0.5709037,0,"[255, 0, 0]",1,3,I,Overt,4
546,40,0.3546642,0,"[0, 0, 255]",1,3,I,Overt,4
547,20,0.382416,0,"[255, 255, 0]",1,3,I,Overt,4
548,35,0.4417076,2,"[255, 0, 0]",1,3,I,Overt,4
549,30,0.343146,0,"[255, 0, 0]",1,3,I,Overt,4
550,10,0.3233135,0,"[255, 255, 0]",1,3,I,Overt,4
551,25,0.4189094,2,"[255, 255, 0]",1,3,I,Overt,4
552,25,0.3425574,0,"[255, 0, 0]",1,3,I,Overt,4
553,10,0.4847513,0,"[255, 255, 0]",1,3,I,Overt,4
554,35,0.3800623,0,"[0, 0, 255]",0,3,I,Overt,4
555,10,0.3127458,2,"[255, 255, 0]",1,3,I,Overt,4
556,30,0.444235,0,"[255, 0, 0]",1,3,I,Overt,4
557,25,0.3754821,0,"[0, 0, 255]",1,3,I,Overt,4
558,15,0.367564,0,"[0, 0, 255]",1,3,I,Overt,4